Measured Distance (mm),Nominal Distance (mm),PWM Value,Force Reading (Counts),Encoder Value (Pulses)
11,11,60,133,-69083
11,11,60,137,-69083
11,11,60,140,-69083
11,11,60,136,-69083
11,11,60,139,-69083
11,11,60,140,-69083
11,11,60,140,-69083
11,11,60,139,-69083
11,11,60,137,-69083
11,11,60,137,-69083
11,11,60,137,-69083
11,11,60,134,-69083
11,11,60,138,-69083
11,11,60,140,-69083
11,11,60,135,-69083
11,11,60,138,-69083
11,11,60,141,-69083
11,11,60,129,-69083
11,11,60,138,-69083
11,11,60,137,-69083
11,11,60,144,-69083
11,11,60,139,-69083
11,11,60,133,-69083
11,11,60,140,-69083
11,11,60,141,-69083
11,11,60,135,-69083
11,11,60,136,-69083
11,11,60,139,-69083
11,11,60,137,-69083
11,11,60,140,-69083
11,11,60,133,-69083
11,11,60,139,-69083
11,11,60,138,-69083
11,11,60,134,-69083
11,11,60,138,-69083
11,11,60,140,-69083
11,11,60,138,-69083
11,11,60,140,-69083
11,11,60,141,-69083
11,11,60,139,-69083
11,11,60,139,-69083
11,11,60,135,-69083
11,11,60,138,-69083
11,11,60,139,-69083
11,11,60,135,-69083
11,11,60,138,-69083
11,11,60,137,-69083
11,11,60,137,-69083
11,11,60,139,-69083
11,11,60,140,-69083
11,11,90,187,-67973
11,11,90,188,-67973
11,11,90,188,-67973
11,11,90,187,-67973
11,11,90,186,-67973
11,11,90,186,-67973
11,11,90,188,-67973
11,11,90,187,-67973
11,11,90,189,-67973
11,11,90,188,-67973
11,11,90,187,-67973
11,11,90,188,-67973
11,11,90,189,-67973
11,11,90,187,-67973
11,11,90,186,-67973
11,11,90,188,-67973
11,11,90,186,-67973
11,11,90,188,-67973
11,11,90,186,-67973
11,11,90,188,-67973
11,11,90,188,-67973
11,11,90,187,-67973
11,11,90,189,-67973
11,11,90,185,-67973
11,11,90,185,-67973
11,11,90,187,-67973
11,11,90,188,-67973
11,11,90,188,-67973
11,11,90,188,-67973
11,11,90,187,-67973
11,11,90,188,-67973
11,11,90,188,-67973
11,11,90,188,-67973
11,11,90,189,-67973
11,11,90,187,-67973
11,11,90,189,-67973
11,11,90,188,-67973
11,11,90,189,-67973
11,11,90,187,-67973
11,11,90,188,-67973
11,11,90,187,-67973
11,11,90,189,-67973
11,11,90,189,-67973
11,11,90,187,-67973
11,11,90,187,-67973
11,11,90,187,-67973
11,11,90,188,-67973
11,11,90,187,-67973
11,11,90,188,-67973
11,11,90,187,-67973
11,11,120,272,-69469
11,11,120,273,-69469
11,11,120,274,-69469
11,11,120,270,-69469
11,11,120,272,-69469
11,11,120,271,-69469
11,11,120,273,-69469
11,11,120,272,-69469
11,11,120,274,-69469
11,11,120,272,-69469
11,11,120,272,-69469
11,11,120,273,-69469
11,11,120,272,-69469
11,11,120,273,-69469
11,11,120,271,-69469
11,11,120,273,-69469
11,11,120,272,-69469
11,11,120,273,-69469
11,11,120,272,-69469
11,11,120,273,-69469
11,11,120,273,-69469
11,11,120,273,-69469
11,11,120,272,-69469
11,11,120,272,-69469
11,11,120,274,-69469
11,11,120,273,-69469
11,11,120,273,-69469
11,11,120,272,-69469
11,11,120,273,-69469
11,11,120,272,-69469
11,11,120,273,-69469
11,11,120,272,-69469
11,11,120,272,-69469
11,11,120,273,-69469
11,11,120,271,-69469
11,11,120,273,-69469
11,11,120,271,-69469
11,11,120,273,-69469
11,11,120,272,-69469
11,11,120,273,-69469
11,11,120,273,-69469
11,11,120,272,-69469
11,11,120,273,-69469
11,11,120,272,-69469
11,11,120,273,-69469
11,11,120,271,-69469
11,11,120,272,-69469
11,11,120,272,-69469
11,11,120,273,-69469
11,11,120,271,-69469
11,11,150,348,-71070
11,11,150,349,-71070
11,11,150,350,-71070
11,11,150,349,-71070
11,11,150,347,-71070
11,11,150,348,-71070
11,11,150,349,-71070
11,11,150,349,-71070
11,11,150,349,-71070
11,11,150,349,-71070
11,11,150,351,-71070
11,11,150,350,-71070
11,11,150,348,-71070
11,11,150,349,-71070
11,11,150,347,-71070
11,11,150,350,-71070
11,11,150,349,-71070
11,11,150,349,-71070
11,11,150,349,-71070
11,11,150,349,-71070
11,11,150,349,-71070
11,11,150,348,-71070
11,11,150,349,-71070
11,11,150,349,-71070
11,11,150,350,-71070
11,11,150,348,-71070
11,11,150,349,-71070
11,11,150,349,-71070
11,11,150,349,-71070
11,11,150,349,-71070
11,11,150,348,-71070
11,11,150,349,-71070
11,11,150,348,-71070
11,11,150,349,-71070
11,11,150,348,-71070
11,11,150,349,-71070
11,11,150,348,-71070
11,11,150,349,-71070
11,11,150,349,-71070
11,11,150,349,-71070
11,11,150,348,-71070
11,11,150,347,-71070
11,11,150,349,-71070
11,11,150,348,-71070
11,11,150,347,-71070
11,11,150,348,-71070
11,11,150,348,-71070
11,11,150,349,-71070
11,11,150,349,-71070
11,11,150,348,-71070
11,11,180,408,-72266
11,11,180,404,-72266
11,11,180,407,-72266
11,11,180,405,-72266
11,11,180,406,-72266
11,11,180,407,-72266
11,11,180,406,-72266
11,11,180,406,-72266
11,11,180,407,-72266
11,11,180,406,-72266
11,11,180,406,-72266
11,11,180,406,-72266
11,11,180,405,-72266
11,11,180,406,-72266
11,11,180,405,-72266
11,11,180,406,-72266
11,11,180,406,-72266
11,11,180,406,-72266
11,11,180,406,-72266
11,11,180,405,-72266
11,11,180,407,-72266
11,11,180,405,-72266
11,11,180,405,-72267
11,11,180,406,-72267
11,11,180,407,-72267
11,11,180,406,-72267
11,11,180,405,-72267
11,11,180,406,-72267
11,11,180,406,-72267
11,11,180,403,-72267
11,11,180,404,-72267
11,11,180,407,-72267
11,11,180,405,-72267
11,11,180,406,-72267
11,11,180,405,-72267
11,11,180,406,-72267
11,11,180,406,-72267
11,11,180,405,-72267
11,11,180,405,-72267
11,11,180,405,-72267
11,11,180,406,-72267
11,11,180,404,-72267
11,11,180,407,-72267
11,11,180,406,-72267
11,11,180,405,-72267
11,11,180,406,-72267
11,11,180,406,-72267
11,11,180,405,-72267
11,11,180,405,-72267
11,11,180,406,-72267
11,11,210,458,-73405
11,11,210,459,-73405
11,11,210,460,-73405
11,11,210,458,-73405
11,11,210,459,-73405
11,11,210,458,-73405
11,11,210,459,-73405
11,11,210,459,-73405
11,11,210,461,-73405
11,11,210,459,-73405
11,11,210,460,-73405
11,11,210,458,-73405
11,11,210,458,-73405
11,11,210,457,-73405
11,11,210,459,-73405
11,11,210,459,-73405
11,11,210,460,-73405
11,11,210,459,-73405
11,11,210,459,-73405
11,11,210,459,-73405
11,11,210,459,-73405
11,11,210,458,-73405
11,11,210,459,-73405
11,11,210,459,-73405
11,11,210,459,-73405
11,11,210,459,-73405
11,11,210,459,-73405
11,11,210,459,-73405
11,11,210,459,-73405
11,11,210,459,-73405
11,11,210,458,-73405
11,11,210,460,-73405
11,11,210,457,-73405
11,11,210,459,-73405
11,11,210,458,-73405
11,11,210,459,-73405
11,11,210,457,-73405
11,11,210,458,-73405
11,11,210,459,-73405
11,11,210,459,-73405
11,11,210,459,-73405
11,11,210,457,-73405
11,11,210,459,-73405
11,11,210,459,-73405
11,11,210,459,-73405
11,11,210,458,-73405
11,11,210,459,-73405
11,11,210,458,-73405
11,11,210,458,-73405
11,11,210,460,-73405
11,11,225,481,-74024
11,11,225,483,-74024
11,11,225,482,-74024
11,11,225,482,-74024
11,11,225,482,-74024
11,11,225,482,-74024
11,11,225,482,-74024
11,11,225,482,-74024
11,11,225,480,-74024
11,11,225,483,-74024
11,11,225,481,-74024
11,11,225,482,-74024
11,11,225,481,-74024
11,11,225,482,-74024
11,11,225,482,-74024
11,11,225,481,-74024
11,11,225,482,-74025
11,11,225,481,-74025
11,11,225,482,-74025
11,11,225,480,-74025
11,11,225,482,-74025
11,11,225,480,-74025
11,11,225,482,-74025
11,11,225,480,-74025
11,11,225,481,-74025
11,11,225,481,-74025
11,11,225,482,-74025
11,11,225,482,-74025
11,11,225,481,-74025
11,11,225,484,-74025
11,11,225,480,-74025
11,11,225,482,-74025
11,11,225,481,-74025
11,11,225,482,-74025
11,11,225,481,-74025
11,11,225,481,-74025
11,11,225,481,-74025
11,11,225,481,-74025
11,11,225,481,-74025
11,11,225,478,-74025
11,11,225,481,-74025
11,11,225,480,-74025
11,11,225,481,-74025
11,11,225,481,-74025
11,11,225,481,-74025
11,11,225,481,-74025
11,11,225,481,-74025
11,11,225,477,-74025
11,11,225,481,-74025
11,11,225,482,-74025
12.9,13,60,181,-68183
12.9,13,60,181,-68183
12.9,13,60,182,-68183
12.9,13,60,179,-68183
12.9,13,60,179,-68183
12.9,13,60,180,-68183
12.9,13,60,178,-68183
12.9,13,60,182,-68183
12.9,13,60,183,-68183
12.9,13,60,183,-68183
12.9,13,60,182,-68183
12.9,13,60,176,-68183
12.9,13,60,181,-68183
12.9,13,60,177,-68183
12.9,13,60,180,-68183
12.9,13,60,183,-68183
12.9,13,60,180,-68183
12.9,13,60,181,-68183
12.9,13,60,177,-68183
12.9,13,60,181,-68183
12.9,13,60,179,-68183
12.9,13,60,183,-68183
12.9,13,60,183,-68183
12.9,13,60,182,-68183
12.9,13,60,184,-68183
12.9,13,60,180,-68183
12.9,13,60,181,-68183
12.9,13,60,178,-68183
12.9,13,60,180,-68183
12.9,13,60,180,-68183
12.9,13,60,183,-68183
12.9,13,60,179,-68183
12.9,13,60,178,-68183
12.9,13,60,180,-68183
12.9,13,60,178,-68183
12.9,13,60,182,-68183
12.9,13,60,181,-68183
12.9,13,60,180,-68183
12.9,13,60,182,-68183
12.9,13,60,178,-68183
12.9,13,60,179,-68183
12.9,13,60,176,-68183
12.9,13,60,181,-68183
12.9,13,60,184,-68183
12.9,13,60,177,-68183
12.9,13,60,182,-68183
12.9,13,60,177,-68183
12.9,13,60,182,-68183
12.9,13,60,177,-68183
12.9,13,60,182,-68183
12.9,13,90,210,-66900
12.9,13,90,213,-66900
12.9,13,90,214,-66900
12.9,13,90,212,-66900
12.9,13,90,215,-66900
12.9,13,90,212,-66900
12.9,13,90,214,-66900
12.9,13,90,214,-66900
12.9,13,90,215,-66900
12.9,13,90,214,-66900
12.9,13,90,213,-66900
12.9,13,90,215,-66900
12.9,13,90,214,-66900
12.9,13,90,214,-66900
12.9,13,90,214,-66900
12.9,13,90,213,-66900
12.9,13,90,211,-66900
12.9,13,90,214,-66900
12.9,13,90,214,-66900
12.9,13,90,216,-66900
12.9,13,90,214,-66900
12.9,13,90,213,-66900
12.9,13,90,214,-66900
12.9,13,90,215,-66900
12.9,13,90,213,-66900
12.9,13,90,217,-66900
12.9,13,90,213,-66900
12.9,13,90,212,-66900
12.9,13,90,216,-66900
12.9,13,90,212,-66900
12.9,13,90,215,-66900
12.9,13,90,213,-66900
12.9,13,90,215,-66900
12.9,13,90,214,-66900
12.9,13,90,215,-66900
12.9,13,90,213,-66900
12.9,13,90,214,-66900
12.9,13,90,214,-66900
12.9,13,90,213,-66900
12.9,13,90,214,-66900
12.9,13,90,215,-66900
12.9,13,90,214,-66900
12.9,13,90,214,-66900
12.9,13,90,214,-66900
12.9,13,90,213,-66900
12.9,13,90,215,-66900
12.9,13,90,212,-66900
12.9,13,90,213,-66900
12.9,13,90,214,-66900
12.9,13,90,216,-66900
12.9,13,120,312,-68375
12.9,13,120,312,-68375
12.9,13,120,311,-68375
12.9,13,120,312,-68375
12.9,13,120,312,-68375
12.9,13,120,311,-68375
12.9,13,120,310,-68375
12.9,13,120,311,-68375
12.9,13,120,311,-68375
12.9,13,120,312,-68375
12.9,13,120,310,-68375
12.9,13,120,312,-68375
12.9,13,120,311,-68375
12.9,13,120,312,-68375
12.9,13,120,310,-68375
12.9,13,120,311,-68375
12.9,13,120,312,-68375
12.9,13,120,313,-68375
12.9,13,120,312,-68375
12.9,13,120,311,-68375
12.9,13,120,313,-68375
12.9,13,120,313,-68375
12.9,13,120,313,-68375
12.9,13,120,312,-68375
12.9,13,120,311,-68375
12.9,13,120,312,-68375
12.9,13,120,312,-68375
12.9,13,120,311,-68375
12.9,13,120,312,-68375
12.9,13,120,312,-68375
12.9,13,120,310,-68375
12.9,13,120,311,-68375
12.9,13,120,311,-68375
12.9,13,120,311,-68375
12.9,13,120,311,-68375
12.9,13,120,311,-68375
12.9,13,120,312,-68375
12.9,13,120,312,-68375
12.9,13,120,311,-68375
12.9,13,120,311,-68375
12.9,13,120,310,-68375
12.9,13,120,312,-68375
12.9,13,120,310,-68375
12.9,13,120,311,-68375
12.9,13,120,312,-68375
12.9,13,120,311,-68375
12.9,13,120,311,-68375
12.9,13,120,310,-68375
12.9,13,120,312,-68375
12.9,13,120,312,-68375
12.9,13,150,389,-70049
12.9,13,150,392,-70049
12.9,13,150,391,-70049
12.9,13,150,391,-70049
12.9,13,150,392,-70049
12.9,13,150,392,-70049
12.9,13,150,392,-70049
12.9,13,150,392,-70049
12.9,13,150,391,-70049
12.9,13,150,392,-70049
12.9,13,150,391,-70049
12.9,13,150,392,-70049
12.9,13,150,392,-70049
12.9,13,150,390,-70049
12.9,13,150,391,-70049
12.9,13,150,391,-70049
12.9,13,150,392,-70049
12.9,13,150,390,-70049
12.9,13,150,392,-70049
12.9,13,150,391,-70049
12.9,13,150,390,-70049
12.9,13,150,392,-70049
12.9,13,150,390,-70049
12.9,13,150,392,-70049
12.9,13,150,391,-70049
12.9,13,150,391,-70049
12.9,13,150,391,-70049
12.9,13,150,392,-70049
12.9,13,150,389,-70049
12.9,13,150,391,-70049
12.9,13,150,390,-70049
12.9,13,150,391,-70049
12.9,13,150,390,-70049
12.9,13,150,391,-70049
12.9,13,150,391,-70049
12.9,13,150,391,-70049
12.9,13,150,390,-70049
12.9,13,150,390,-70049
12.9,13,150,391,-70049
12.9,13,150,391,-70049
12.9,13,150,391,-70049
12.9,13,150,391,-70049
12.9,13,150,391,-70049
12.9,13,150,391,-70049
12.9,13,150,387,-70049
12.9,13,150,389,-70049
12.9,13,150,392,-70049
12.9,13,150,391,-70049
12.9,13,150,391,-70049
12.9,13,150,390,-70049
12.9,13,180,465,-71610
12.9,13,180,468,-71610
12.9,13,180,467,-71610
12.9,13,180,466,-71610
12.9,13,180,466,-71610
12.9,13,180,467,-71610
12.9,13,180,465,-71610
12.9,13,180,469,-71610
12.9,13,180,464,-71610
12.9,13,180,467,-71610
12.9,13,180,465,-71610
12.9,13,180,466,-71610
12.9,13,180,466,-71610
12.9,13,180,467,-71610
12.9,13,180,466,-71610
12.9,13,180,467,-71610
12.9,13,180,466,-71610
12.9,13,180,468,-71610
12.9,13,180,466,-71610
12.9,13,180,466,-71610
12.9,13,180,466,-71610
12.9,13,180,466,-71610
12.9,13,180,466,-71610
12.9,13,180,466,-71610
12.9,13,180,466,-71610
12.9,13,180,464,-71610
12.9,13,180,466,-71610
12.9,13,180,464,-71610
12.9,13,180,467,-71610
12.9,13,180,466,-71611
12.9,13,180,466,-71611
12.9,13,180,465,-71611
12.9,13,180,466,-71611
12.9,13,180,464,-71611
12.9,13,180,466,-71611
12.9,13,180,466,-71611
12.9,13,180,466,-71611
12.9,13,180,466,-71611
12.9,13,180,466,-71611
12.9,13,180,465,-71611
12.9,13,180,466,-71611
12.9,13,180,467,-71611
12.9,13,180,463,-71611
12.9,13,180,466,-71611
12.9,13,180,465,-71611
12.9,13,180,467,-71611
12.9,13,180,465,-71611
12.9,13,180,466,-71611
12.9,13,180,465,-71611
12.9,13,180,466,-71611
12.9,13,210,520,-72856
12.9,13,210,519,-72856
12.9,13,210,520,-72856
12.9,13,210,522,-72856
12.9,13,210,518,-72856
12.9,13,210,521,-72856
12.9,13,210,518,-72856
12.9,13,210,521,-72856
12.9,13,210,519,-72856
12.9,13,210,520,-72856
12.9,13,210,520,-72856
12.9,13,210,520,-72856
12.9,13,210,520,-72856
12.9,13,210,521,-72856
12.9,13,210,520,-72856
12.9,13,210,520,-72856
12.9,13,210,519,-72856
12.9,13,210,521,-72856
12.9,13,210,522,-72856
12.9,13,210,518,-72856
12.9,13,210,520,-72856
12.9,13,210,520,-72856
12.9,13,210,520,-72856
12.9,13,210,517,-72856
12.9,13,210,521,-72856
12.9,13,210,519,-72856
12.9,13,210,520,-72856
12.9,13,210,519,-72856
12.9,13,210,521,-72856
12.9,13,210,520,-72856
12.9,13,210,520,-72856
12.9,13,210,519,-72856
12.9,13,210,520,-72856
12.9,13,210,518,-72856
12.9,13,210,518,-72856
12.9,13,210,520,-72856
12.9,13,210,517,-72856
12.9,13,210,519,-72856
12.9,13,210,518,-72856
12.9,13,210,519,-72856
12.9,13,210,518,-72856
12.9,13,210,520,-72856
12.9,13,210,518,-72856
12.9,13,210,520,-72856
12.9,13,210,519,-72856
12.9,13,210,519,-72856
12.9,13,210,519,-72856
12.9,13,210,519,-72856
12.9,13,210,519,-72856
12.9,13,210,519,-72856
12.9,13,225,543,-73446
12.9,13,225,542,-73446
12.9,13,225,542,-73446
12.9,13,225,542,-73446
12.9,13,225,542,-73446
12.9,13,225,542,-73446
12.9,13,225,543,-73446
12.9,13,225,543,-73446
12.9,13,225,542,-73446
12.9,13,225,538,-73446
12.9,13,225,541,-73446
12.9,13,225,541,-73446
12.9,13,225,540,-73446
12.9,13,225,540,-73446
12.9,13,225,542,-73446
12.9,13,225,542,-73446
12.9,13,225,541,-73446
12.9,13,225,542,-73446
12.9,13,225,542,-73446
12.9,13,225,543,-73446
12.9,13,225,541,-73446
12.9,13,225,541,-73446
12.9,13,225,542,-73446
12.9,13,225,543,-73446
12.9,13,225,542,-73446
12.9,13,225,539,-73446
12.9,13,225,542,-73446
12.9,13,225,541,-73446
12.9,13,225,542,-73446
12.9,13,225,541,-73446
12.9,13,225,541,-73446
12.9,13,225,541,-73446
12.9,13,225,541,-73446
12.9,13,225,543,-73446
12.9,13,225,541,-73446
12.9,13,225,541,-73446
12.9,13,225,542,-73446
12.9,13,225,542,-73446
12.9,13,225,542,-73446
12.9,13,225,542,-73446
12.9,13,225,539,-73446
12.9,13,225,542,-73446
12.9,13,225,540,-73446
12.9,13,225,541,-73446
12.9,13,225,539,-73446
12.9,13,225,542,-73446
12.9,13,225,541,-73446
12.9,13,225,541,-73446
12.9,13,225,541,-73446
12.9,13,225,541,-73446
18.7,19,60,245,-63220
18.7,19,60,249,-63220
18.7,19,60,249,-63220
18.7,19,60,243,-63220
18.7,19,60,249,-63220
18.7,19,60,250,-63220
18.7,19,60,245,-63220
18.7,19,60,251,-63220
18.7,19,60,250,-63220
18.7,19,60,248,-63220
18.7,19,60,249,-63220
18.7,19,60,251,-63220
18.7,19,60,244,-63220
18.7,19,60,250,-63220
18.7,19,60,248,-63220
18.7,19,60,248,-63220
18.7,19,60,249,-63220
18.7,19,60,250,-63220
18.7,19,60,246,-63220
18.7,19,60,247,-63220
18.7,19,60,245,-63220
18.7,19,60,245,-63220
18.7,19,60,249,-63220
18.7,19,60,245,-63220
18.7,19,60,251,-63220
18.7,19,60,247,-63220
18.7,19,60,250,-63220
18.7,19,60,249,-63220
18.7,19,60,251,-63220
18.7,19,60,244,-63220
18.7,19,60,250,-63220
18.7,19,60,249,-63220
18.7,19,60,244,-63220
18.7,19,60,247,-63220
18.7,19,60,248,-63220
18.7,19,60,244,-63220
18.7,19,60,248,-63220
18.7,19,60,248,-63220
18.7,19,60,247,-63220
18.7,19,60,248,-63220
18.7,19,60,253,-63220
18.7,19,60,246,-63220
18.7,19,60,249,-63220
18.7,19,60,249,-63220
18.7,19,60,244,-63220
18.7,19,60,247,-63220
18.7,19,60,252,-63220
18.7,19,60,246,-63220
18.7,19,60,249,-63220
18.7,19,60,251,-63220
18.7,19,90,299,-61952
18.7,19,90,298,-61952
18.7,19,90,297,-61952
18.7,19,90,297,-61952
18.7,19,90,299,-61952
18.7,19,90,299,-61952
18.7,19,90,299,-61952
18.7,19,90,299,-61952
18.7,19,90,299,-61952
18.7,19,90,298,-61952
18.7,19,90,297,-61952
18.7,19,90,299,-61952
18.7,19,90,299,-61952
18.7,19,90,299,-61952
18.7,19,90,298,-61952
18.7,19,90,298,-61952
18.7,19,90,299,-61952
18.7,19,90,299,-61952
18.7,19,90,298,-61952
18.7,19,90,297,-61952
18.7,19,90,298,-61952
18.7,19,90,297,-61952
18.7,19,90,300,-61952
18.7,19,90,300,-61952
18.7,19,90,297,-61952
18.7,19,90,297,-61952
18.7,19,90,300,-61952
18.7,19,90,296,-61952
18.7,19,90,298,-61952
18.7,19,90,297,-61952
18.7,19,90,299,-61952
18.7,19,90,297,-61952
18.7,19,90,298,-61952
18.7,19,90,298,-61952
18.7,19,90,299,-61952
18.7,19,90,298,-61952
18.7,19,90,299,-61952
18.7,19,90,299,-61952
18.7,19,90,298,-61952
18.7,19,90,298,-61952
18.7,19,90,298,-61952
18.7,19,90,297,-61952
18.7,19,90,299,-61952
18.7,19,90,297,-61952
18.7,19,90,298,-61952
18.7,19,90,298,-61952
18.7,19,90,298,-61952
18.7,19,90,297,-61952
18.7,19,90,298,-61952
18.7,19,90,297,-61952
18.7,19,120,414,-64102
18.7,19,120,413,-64102
18.7,19,120,414,-64102
18.7,19,120,414,-64102
18.7,19,120,413,-64102
18.7,19,120,414,-64102
18.7,19,120,414,-64102
18.7,19,120,414,-64102
18.7,19,120,413,-64102
18.7,19,120,414,-64102
18.7,19,120,413,-64102
18.7,19,120,413,-64102
18.7,19,120,413,-64102
18.7,19,120,414,-64102
18.7,19,120,414,-64102
18.7,19,120,413,-64102
18.7,19,120,414,-64102
18.7,19,120,414,-64102
18.7,19,120,414,-64102
18.7,19,120,413,-64102
18.7,19,120,414,-64102
18.7,19,120,413,-64103
18.7,19,120,413,-64103
18.7,19,120,414,-64103
18.7,19,120,413,-64103
18.7,19,120,413,-64103
18.7,19,120,412,-64103
18.7,19,120,413,-64103
18.7,19,120,413,-64103
18.7,19,120,413,-64103
18.7,19,120,415,-64103
18.7,19,120,414,-64103
18.7,19,120,414,-64103
18.7,19,120,414,-64103
18.7,19,120,413,-64103
18.7,19,120,414,-64103
18.7,19,120,414,-64103
18.7,19,120,413,-64103
18.7,19,120,413,-64103
18.7,19,120,413,-64103
18.7,19,120,413,-64103
18.7,19,120,413,-64103
18.7,19,120,413,-64103
18.7,19,120,413,-64103
18.7,19,120,413,-64103
18.7,19,120,413,-64103
18.7,19,120,413,-64103
18.7,19,120,412,-64103
18.7,19,120,413,-64103
18.7,19,120,413,-64103
18.7,19,150,525,-66174
18.7,19,150,523,-66174
18.7,19,150,523,-66174
18.7,19,150,523,-66174
18.7,19,150,524,-66174
18.7,19,150,523,-66174
18.7,19,150,523,-66174
18.7,19,150,523,-66174
18.7,19,150,525,-66174
18.7,19,150,522,-66174
18.7,19,150,523,-66174
18.7,19,150,523,-66174
18.7,19,150,525,-66174
18.7,19,150,521,-66174
18.7,19,150,524,-66174
18.7,19,150,522,-66174
18.7,19,150,524,-66174
18.7,19,150,523,-66174
18.7,19,150,524,-66174
18.7,19,150,522,-66174
18.7,19,150,524,-66174
18.7,19,150,523,-66174
18.7,19,150,524,-66174
18.7,19,150,522,-66174
18.7,19,150,523,-66174
18.7,19,150,524,-66174
18.7,19,150,523,-66174
18.7,19,150,523,-66174
18.7,19,150,522,-66174
18.7,19,150,524,-66174
18.7,19,150,523,-66174
18.7,19,150,523,-66174
18.7,19,150,522,-66174
18.7,19,150,523,-66174
18.7,19,150,523,-66174
18.7,19,150,524,-66174
18.7,19,150,523,-66174
18.7,19,150,523,-66174
18.7,19,150,522,-66174
18.7,19,150,523,-66174
18.7,19,150,523,-66174
18.7,19,150,524,-66174
18.7,19,150,523,-66174
18.7,19,150,522,-66174
18.7,19,150,523,-66174
18.7,19,150,523,-66174
18.7,19,150,523,-66174
18.7,19,150,522,-66174
18.7,19,150,523,-66174
18.7,19,150,523,-66174
18.7,19,180,624,-68368
18.7,19,180,624,-68368
18.7,19,180,624,-68368
18.7,19,180,622,-68368
18.7,19,180,624,-68368
18.7,19,180,623,-68368
18.7,19,180,623,-68368
18.7,19,180,623,-68368
18.7,19,180,624,-68368
18.7,19,180,623,-68368
18.7,19,180,623,-68368
18.7,19,180,623,-68368
18.7,19,180,623,-68368
18.7,19,180,623,-68368
18.7,19,180,623,-68368
18.7,19,180,622,-68368
18.7,19,180,624,-68368
18.7,19,180,623,-68368
18.7,19,180,623,-68368
18.7,19,180,622,-68368
18.7,19,180,623,-68368
18.7,19,180,624,-68368
18.7,19,180,623,-68368
18.7,19,180,623,-68368
18.7,19,180,623,-68368
18.7,19,180,623,-68368
18.7,19,180,623,-68368
18.7,19,180,621,-68369
18.7,19,180,623,-68369
18.7,19,180,622,-68369
18.7,19,180,623,-68369
18.7,19,180,623,-68369
18.7,19,180,623,-68369
18.7,19,180,622,-68369
18.7,19,180,622,-68369
18.7,19,180,623,-68369
18.7,19,180,622,-68369
18.7,19,180,623,-68369
18.7,19,180,622,-68369
18.7,19,180,623,-68369
18.7,19,180,621,-68369
18.7,19,180,622,-68369
18.7,19,180,621,-68369
18.7,19,180,623,-68369
18.7,19,180,621,-68369
18.7,19,180,622,-68369
18.7,19,180,621,-68369
18.7,19,180,622,-68369
18.7,19,180,620,-68369
18.7,19,180,622,-68369
18.7,19,210,712,-70238
18.7,19,210,711,-70238
18.7,19,210,712,-70238
18.7,19,210,711,-70238
18.7,19,210,710,-70238
18.7,19,210,711,-70238
18.7,19,210,711,-70238
18.7,19,210,711,-70238
18.7,19,210,711,-70238
18.7,19,210,710,-70238
18.7,19,210,710,-70238
18.7,19,210,710,-70238
18.7,19,210,710,-70238
18.7,19,210,711,-70238
18.7,19,210,710,-70238
18.7,19,210,710,-70238
18.7,19,210,709,-70238
18.7,19,210,710,-70238
18.7,19,210,710,-70238
18.7,19,210,709,-70238
18.7,19,210,710,-70238
18.7,19,210,712,-70238
18.7,19,210,710,-70238
18.7,19,210,709,-70238
18.7,19,210,708,-70238
18.7,19,210,710,-70238
18.7,19,210,709,-70238
18.7,19,210,710,-70238
18.7,19,210,709,-70238
18.7,19,210,710,-70238
18.7,19,210,710,-70238
18.7,19,210,709,-70238
18.7,19,210,708,-70238
18.7,19,210,709,-70238
18.7,19,210,710,-70238
18.7,19,210,710,-70238
18.7,19,210,708,-70238
18.7,19,210,710,-70238
18.7,19,210,709,-70238
18.7,19,210,710,-70238
18.7,19,210,708,-70238
18.7,19,210,708,-70238
18.7,19,210,709,-70238
18.7,19,210,710,-70238
18.7,19,210,709,-70238
18.7,19,210,709,-70238
18.7,19,210,709,-70238
18.7,19,210,709,-70238
18.7,19,210,709,-70238
18.7,19,210,709,-70238
18.7,19,225,743,-70891
18.7,19,225,743,-70891
18.7,19,225,743,-70891
18.7,19,225,742,-70891
18.7,19,225,743,-70891
18.7,19,225,742,-70891
18.7,19,225,743,-70891
18.7,19,225,742,-70891
18.7,19,225,741,-70891
18.7,19,225,742,-70891
18.7,19,225,742,-70891
18.7,19,225,742,-70891
18.7,19,225,741,-70891
18.7,19,225,742,-70891
18.7,19,225,742,-70891
18.7,19,225,741,-70891
18.7,19,225,743,-70891
18.7,19,225,741,-70891
18.7,19,225,741,-70891
18.7,19,225,741,-70891
18.7,19,225,742,-70891
18.7,19,225,741,-70891
18.7,19,225,741,-70891
18.7,19,225,741,-70891
18.7,19,225,741,-70891
18.7,19,225,741,-70891
18.7,19,225,741,-70891
18.7,19,225,741,-70891
18.7,19,225,741,-70891
18.7,19,225,741,-70891
18.7,19,225,742,-70891
18.7,19,225,741,-70891
18.7,19,225,741,-70891
18.7,19,225,741,-70891
18.7,19,225,741,-70891
18.7,19,225,741,-70891
18.7,19,225,741,-70891
18.7,19,225,741,-70891
18.7,19,225,741,-70891
18.7,19,225,742,-70891
18.7,19,225,741,-70892
18.7,19,225,741,-70892
18.7,19,225,740,-70892
18.7,19,225,741,-70892
18.7,19,225,741,-70892
18.7,19,225,741,-70892
18.7,19,225,738,-70892
18.7,19,225,741,-70892
18.7,19,225,741,-70892
18.7,19,225,742,-70892
5,5,60,45,-71219
5,5,60,36,-71219
5,5,60,41,-71219
5,5,60,42,-71219
5,5,60,36,-71219
5,5,60,41,-71220
5,5,60,40,-71220
5,5,60,42,-71220
5,5,60,40,-71220
5,5,60,37,-71220
5,5,60,43,-71220
5,5,60,43,-71220
5,5,60,38,-71220
5,5,60,40,-71220
5,5,60,41,-71220
5,5,60,42,-71220
5,5,60,41,-71220
5,5,60,42,-71220
5,5,60,41,-71220
5,5,60,46,-71220
5,5,60,36,-71220
5,5,60,42,-71220
5,5,60,39,-71220
5,5,60,39,-71220
5,5,60,41,-71220
5,5,60,44,-71220
5,5,60,38,-71220
5,5,60,41,-71220
5,5,60,43,-71220
5,5,60,42,-71220
5,5,60,44,-71220
5,5,60,38,-71220
5,5,60,42,-71220
5,5,60,43,-71220
5,5,60,39,-71220
5,5,60,41,-71220
5,5,60,42,-71220
5,5,60,41,-71220
5,5,60,42,-71220
5,5,60,41,-71220
5,5,60,41,-71220
5,5,60,43,-71220
5,5,60,40,-71220
5,5,60,42,-71220
5,5,60,44,-71220
5,5,60,38,-71220
5,5,60,40,-71220
5,5,60,38,-71220
5,5,60,38,-71220
5,5,60,41,-71220
5,5,90,77,-70796
5,5,90,79,-70796
5,5,90,78,-70796
5,5,90,79,-70796
5,5,90,77,-70796
5,5,90,79,-70796
5,5,90,78,-70796
5,5,90,78,-70796
5,5,90,80,-70796
5,5,90,78,-70796
5,5,90,80,-70796
5,5,90,79,-70796
5,5,90,80,-70796
5,5,90,80,-70796
5,5,90,80,-70796
5,5,90,77,-70796
5,5,90,80,-70796
5,5,90,79,-70796
5,5,90,79,-70796
5,5,90,77,-70796
5,5,90,78,-70796
5,5,90,80,-70796
5,5,90,79,-70796
5,5,90,78,-70796
5,5,90,79,-70796
5,5,90,78,-70796
5,5,90,79,-70796
5,5,90,79,-70796
5,5,90,79,-70796
5,5,90,77,-70796
5,5,90,79,-70796
5,5,90,78,-70796
5,5,90,78,-70796
5,5,90,78,-70796
5,5,90,79,-70796
5,5,90,77,-70796
5,5,90,79,-70796
5,5,90,77,-70796
5,5,90,77,-70796
5,5,90,77,-70796
5,5,90,80,-70796
5,5,90,78,-70796
5,5,90,79,-70796
5,5,90,77,-70796
5,5,90,78,-70796
5,5,90,77,-70796
5,5,90,78,-70796
5,5,90,78,-70796
5,5,90,78,-70796
5,5,90,79,-70796
5,5,120,139,-72124
5,5,120,140,-72124
5,5,120,140,-72124
5,5,120,139,-72124
5,5,120,140,-72124
5,5,120,139,-72124
5,5,120,140,-72124
5,5,120,138,-72124
5,5,120,140,-72124
5,5,120,138,-72124
5,5,120,140,-72124
5,5,120,139,-72124
5,5,120,139,-72124
5,5,120,138,-72124
5,5,120,141,-72124
5,5,120,139,-72124
5,5,120,139,-72124
5,5,120,138,-72124
5,5,120,139,-72124
5,5,120,137,-72124
5,5,120,135,-72124
5,5,120,138,-72124
5,5,120,140,-72124
5,5,120,138,-72124
5,5,120,139,-72124
5,5,120,139,-72124
5,5,120,141,-72124
5,5,120,139,-72124
5,5,120,140,-72124
5,5,120,139,-72124
5,5,120,139,-72124
5,5,120,139,-72124
5,5,120,140,-72124
5,5,120,141,-72124
5,5,120,139,-72124
5,5,120,140,-72124
5,5,120,140,-72124
5,5,120,140,-72124
5,5,120,140,-72124
5,5,120,140,-72124
5,5,120,139,-72124
5,5,120,140,-72124
5,5,120,139,-72124
5,5,120,140,-72124
5,5,120,139,-72124
5,5,120,140,-72124
5,5,120,140,-72124
5,5,120,140,-72124
5,5,120,138,-72124
5,5,120,139,-72124
5,5,150,194,-73152
5,5,150,197,-73152
5,5,150,195,-73152
5,5,150,196,-73152
5,5,150,194,-73152
5,5,150,197,-73152
5,5,150,196,-73152
5,5,150,196,-73152
5,5,150,195,-73153
5,5,150,195,-73153
5,5,150,196,-73153
5,5,150,196,-73153
5,5,150,196,-73153
5,5,150,195,-73153
5,5,150,197,-73153
5,5,150,196,-73153
5,5,150,197,-73153
5,5,150,195,-73153
5,5,150,196,-73153
5,5,150,196,-73153
5,5,150,196,-73153
5,5,150,195,-73153
5,5,150,196,-73153
5,5,150,196,-73153
5,5,150,196,-73153
5,5,150,195,-73153
5,5,150,196,-73153
5,5,150,194,-73153
5,5,150,197,-73153
5,5,150,194,-73153
5,5,150,196,-73153
5,5,150,194,-73153
5,5,150,198,-73153
5,5,150,194,-73153
5,5,150,196,-73153
5,5,150,194,-73153
5,5,150,196,-73153
5,5,150,195,-73153
5,5,150,194,-73153
5,5,150,195,-73153
5,5,150,195,-73153
5,5,150,196,-73153
5,5,150,195,-73153
5,5,150,196,-73153
5,5,150,196,-73153
5,5,150,196,-73153
5,5,150,196,-73153
5,5,150,196,-73153
5,5,150,195,-73153
5,5,150,197,-73153
5,5,180,252,-74199
5,5,180,254,-74199
5,5,180,253,-74199
5,5,180,254,-74199
5,5,180,253,-74199
5,5,180,254,-74199
5,5,180,254,-74199
5,5,180,254,-74199
5,5,180,253,-74199
5,5,180,253,-74199
5,5,180,253,-74200
5,5,180,254,-74200
5,5,180,253,-74200
5,5,180,254,-74200
5,5,180,252,-74200
5,5,180,251,-74200
5,5,180,252,-74200
5,5,180,250,-74200
5,5,180,252,-74200
5,5,180,253,-74200
5,5,180,253,-74200
5,5,180,255,-74200
5,5,180,254,-74200
5,5,180,253,-74200
5,5,180,254,-74200
5,5,180,254,-74200
5,5,180,253,-74200
5,5,180,253,-74200
5,5,180,253,-74200
5,5,180,252,-74200
5,5,180,254,-74200
5,5,180,252,-74200
5,5,180,254,-74200
5,5,180,253,-74200
5,5,180,254,-74200
5,5,180,253,-74200
5,5,180,254,-74200
5,5,180,253,-74200
5,5,180,253,-74200
5,5,180,252,-74200
5,5,180,254,-74200
5,5,180,253,-74200
5,5,180,254,-74200
5,5,180,252,-74200
5,5,180,254,-74200
5,5,180,252,-74200
5,5,180,254,-74200
5,5,180,251,-74200
5,5,180,253,-74200
5,5,180,252,-74200
5,5,210,304,-75161
5,5,210,306,-75161
5,5,210,306,-75161
5,5,210,306,-75161
5,5,210,306,-75161
5,5,210,306,-75161
5,5,210,305,-75161
5,5,210,306,-75161
5,5,210,305,-75161
5,5,210,306,-75161
5,5,210,305,-75161
5,5,210,306,-75161
5,5,210,305,-75161
5,5,210,306,-75161
5,5,210,305,-75161
5,5,210,308,-75161
5,5,210,305,-75161
5,5,210,306,-75161
5,5,210,305,-75161
5,5,210,307,-75161
5,5,210,303,-75161
5,5,210,306,-75161
5,5,210,305,-75161
5,5,210,305,-75161
5,5,210,305,-75161
5,5,210,307,-75161
5,5,210,304,-75161
5,5,210,306,-75161
5,5,210,305,-75161
5,5,210,305,-75161
5,5,210,305,-75161
5,5,210,305,-75161
5,5,210,306,-75161
5,5,210,306,-75161
5,5,210,304,-75161
5,5,210,306,-75161
5,5,210,305,-75161
5,5,210,306,-75161
5,5,210,306,-75161
5,5,210,305,-75161
5,5,210,305,-75161
5,5,210,305,-75161
5,5,210,305,-75161
5,5,210,305,-75161
5,5,210,305,-75161
5,5,210,303,-75161
5,5,210,305,-75161
5,5,210,305,-75161
5,5,210,305,-75161
5,5,210,304,-75161
5,5,225,317,-75737
5,5,225,317,-75737
5,5,225,317,-75737
5,5,225,319,-75737
5,5,225,315,-75737
5,5,225,314,-75737
5,5,225,316,-75737
5,5,225,317,-75737
5,5,225,316,-75737
5,5,225,319,-75737
5,5,225,317,-75737
5,5,225,318,-75737
5,5,225,317,-75737
5,5,225,317,-75737
5,5,225,317,-75737
5,5,225,317,-75737
5,5,225,317,-75737
5,5,225,317,-75737
5,5,225,317,-75737
5,5,225,317,-75737
5,5,225,318,-75737
5,5,225,316,-75737
5,5,225,319,-75737
5,5,225,317,-75737
5,5,225,317,-75737
5,5,225,316,-75737
5,5,225,318,-75737
5,5,225,317,-75737
5,5,225,317,-75737
5,5,225,317,-75737
5,5,225,317,-75737
5,5,225,317,-75737
5,5,225,317,-75737
5,5,225,316,-75737
5,5,225,317,-75737
5,5,225,317,-75737
5,5,225,317,-75737
5,5,225,317,-75737
5,5,225,317,-75737
5,5,225,317,-75737
5,5,225,317,-75737
5,5,225,315,-75737
5,5,225,317,-75737
5,5,225,316,-75737
5,5,225,316,-75737
5,5,225,315,-75737
5,5,225,318,-75737
5,5,225,316,-75737
5,5,225,316,-75737
5,5,225,314,-75737
9.0,9,60,98,-69990
9.0,9,60,97,-69990
9.0,9,60,98,-69990
9.0,9,60,94,-69990
9.0,9,60,99,-69990
9.0,9,60,100,-69990
9.0,9,60,101,-69990
9.0,9,60,102,-69990
9.0,9,60,94,-69990
9.0,9,60,98,-69990
9.0,9,60,98,-69990
9.0,9,60,97,-69990
9.0,9,60,100,-69990
9.0,9,60,95,-69990
9.0,9,60,98,-69990
9.0,9,60,95,-69990
9.0,9,60,99,-69990
9.0,9,60,101,-69990
9.0,9,60,97,-69990
9.0,9,60,98,-69990
9.0,9,60,96,-69990
9.0,9,60,100,-69990
9.0,9,60,99,-69990
9.0,9,60,101,-69990
9.0,9,60,98,-69990
9.0,9,60,91,-69990
9.0,9,60,98,-69990
9.0,9,60,99,-69990
9.0,9,60,100,-69990
9.0,9,60,101,-69990
9.0,9,60,92,-69990
9.0,9,60,97,-69990
9.0,9,60,95,-69990
9.0,9,60,99,-69990
9.0,9,60,97,-69990
9.0,9,60,100,-69990
9.0,9,60,95,-69990
9.0,9,60,95,-69990
9.0,9,60,96,-69990
9.0,9,60,98,-69990
9.0,9,60,100,-69990
9.0,9,60,100,-69990
9.0,9,60,94,-69990
9.0,9,60,98,-69990
9.0,9,60,98,-69990
9.0,9,60,100,-69990
9.0,9,60,97,-69990
9.0,9,60,96,-69990
9.0,9,60,95,-69990
9.0,9,60,93,-69990
9.0,9,90,151,-69102
9.0,9,90,151,-69102
9.0,9,90,150,-69102
9.0,9,90,151,-69102
9.0,9,90,150,-69102
9.0,9,90,151,-69102
9.0,9,90,150,-69102
9.0,9,90,151,-69102
9.0,9,90,150,-69102
9.0,9,90,152,-69102
9.0,9,90,152,-69102
9.0,9,90,150,-69102
9.0,9,90,150,-69102
9.0,9,90,150,-69102
9.0,9,90,150,-69102
9.0,9,90,150,-69102
9.0,9,90,150,-69102
9.0,9,90,149,-69102
9.0,9,90,151,-69102
9.0,9,90,149,-69102
9.0,9,90,152,-69102
9.0,9,90,150,-69102
9.0,9,90,151,-69102
9.0,9,90,149,-69102
9.0,9,90,150,-69102
9.0,9,90,150,-69102
9.0,9,90,152,-69102
9.0,9,90,150,-69102
9.0,9,90,151,-69102
9.0,9,90,150,-69102
9.0,9,90,151,-69102
9.0,9,90,151,-69102
9.0,9,90,151,-69102
9.0,9,90,151,-69102
9.0,9,90,152,-69102
9.0,9,90,149,-69102
9.0,9,90,151,-69102
9.0,9,90,151,-69102
9.0,9,90,152,-69102
9.0,9,90,150,-69102
9.0,9,90,151,-69102
9.0,9,90,150,-69102
9.0,9,90,151,-69102
9.0,9,90,151,-69102
9.0,9,90,150,-69102
9.0,9,90,150,-69102
9.0,9,90,150,-69102
9.0,9,90,150,-69102
9.0,9,90,150,-69102
9.0,9,90,150,-69102
9.0,9,120,228,-70518
9.0,9,120,228,-70518
9.0,9,120,228,-70518
9.0,9,120,228,-70518
9.0,9,120,228,-70518
9.0,9,120,228,-70518
9.0,9,120,227,-70518
9.0,9,120,229,-70518
9.0,9,120,227,-70518
9.0,9,120,228,-70518
9.0,9,120,227,-70518
9.0,9,120,228,-70518
9.0,9,120,228,-70518
9.0,9,120,228,-70518
9.0,9,120,228,-70518
9.0,9,120,228,-70518
9.0,9,120,227,-70518
9.0,9,120,228,-70518
9.0,9,120,229,-70518
9.0,9,120,227,-70518
9.0,9,120,228,-70518
9.0,9,120,227,-70518
9.0,9,120,228,-70518
9.0,9,120,227,-70518
9.0,9,120,227,-70518
9.0,9,120,227,-70518
9.0,9,120,227,-70518
9.0,9,120,227,-70518
9.0,9,120,228,-70518
9.0,9,120,228,-70518
9.0,9,120,228,-70518
9.0,9,120,229,-70518
9.0,9,120,228,-70518
9.0,9,120,228,-70518
9.0,9,120,229,-70518
9.0,9,120,229,-70518
9.0,9,120,228,-70518
9.0,9,120,228,-70518
9.0,9,120,228,-70518
9.0,9,120,228,-70518
9.0,9,120,227,-70518
9.0,9,120,228,-70518
9.0,9,120,228,-70518
9.0,9,120,228,-70518
9.0,9,120,227,-70518
9.0,9,120,228,-70518
9.0,9,120,228,-70518
9.0,9,120,228,-70518
9.0,9,120,227,-70518
9.0,9,120,227,-70518
9.0,9,150,302,-71891
9.0,9,150,302,-71891
9.0,9,150,300,-71891
9.0,9,150,301,-71891
9.0,9,150,304,-71891
9.0,9,150,302,-71891
9.0,9,150,304,-71891
9.0,9,150,303,-71891
9.0,9,150,304,-71891
9.0,9,150,303,-71891
9.0,9,150,303,-71891
9.0,9,150,303,-71891
9.0,9,150,303,-71891
9.0,9,150,303,-71891
9.0,9,150,304,-71892
9.0,9,150,302,-71892
9.0,9,150,304,-71892
9.0,9,150,302,-71892
9.0,9,150,304,-71892
9.0,9,150,302,-71892
9.0,9,150,304,-71892
9.0,9,150,304,-71892
9.0,9,150,304,-71892
9.0,9,150,303,-71892
9.0,9,150,303,-71892
9.0,9,150,303,-71892
9.0,9,150,304,-71892
9.0,9,150,303,-71892
9.0,9,150,303,-71892
9.0,9,150,304,-71892
9.0,9,150,303,-71892
9.0,9,150,303,-71892
9.0,9,150,303,-71892
9.0,9,150,302,-71892
9.0,9,150,305,-71892
9.0,9,150,302,-71892
9.0,9,150,304,-71892
9.0,9,150,301,-71892
9.0,9,150,304,-71892
9.0,9,150,303,-71892
9.0,9,150,303,-71892
9.0,9,150,302,-71892
9.0,9,150,303,-71892
9.0,9,150,303,-71892
9.0,9,150,303,-71892
9.0,9,150,303,-71892
9.0,9,150,304,-71892
9.0,9,150,301,-71892
9.0,9,150,303,-71892
9.0,9,150,303,-71892
9.0,9,180,350,-73055
9.0,9,180,350,-73055
9.0,9,180,349,-73055
9.0,9,180,349,-73056
9.0,9,180,350,-73056
9.0,9,180,349,-73056
9.0,9,180,350,-73056
9.0,9,180,351,-73056
9.0,9,180,350,-73056
9.0,9,180,349,-73056
9.0,9,180,350,-73056
9.0,9,180,351,-73056
9.0,9,180,350,-73056
9.0,9,180,350,-73056
9.0,9,180,351,-73056
9.0,9,180,351,-73056
9.0,9,180,348,-73056
9.0,9,180,349,-73056
9.0,9,180,348,-73056
9.0,9,180,351,-73057
9.0,9,180,349,-73057
9.0,9,180,349,-73057
9.0,9,180,349,-73057
9.0,9,180,347,-73057
9.0,9,180,348,-73057
9.0,9,180,349,-73057
9.0,9,180,349,-73057
9.0,9,180,350,-73057
9.0,9,180,349,-73057
9.0,9,180,349,-73057
9.0,9,180,348,-73057
9.0,9,180,351,-73057
9.0,9,180,350,-73057
9.0,9,180,350,-73057
9.0,9,180,349,-73057
9.0,9,180,350,-73057
9.0,9,180,349,-73058
9.0,9,180,350,-73058
9.0,9,180,349,-73058
9.0,9,180,350,-73058
9.0,9,180,349,-73058
9.0,9,180,350,-73058
9.0,9,180,349,-73058
9.0,9,180,349,-73058
9.0,9,180,348,-73058
9.0,9,180,349,-73058
9.0,9,180,349,-73058
9.0,9,180,349,-73058
9.0,9,180,348,-73058
9.0,9,180,348,-73058
9.0,9,210,401,-74083
9.0,9,210,401,-74083
9.0,9,210,402,-74084
9.0,9,210,400,-74084
9.0,9,210,401,-74084
9.0,9,210,401,-74084
9.0,9,210,400,-74084
9.0,9,210,400,-74084
9.0,9,210,400,-74084
9.0,9,210,401,-74084
9.0,9,210,401,-74084
9.0,9,210,402,-74084
9.0,9,210,399,-74084
9.0,9,210,402,-74084
9.0,9,210,400,-74084
9.0,9,210,401,-74084
9.0,9,210,401,-74084
9.0,9,210,403,-74084
9.0,9,210,401,-74084
9.0,9,210,402,-74084
9.0,9,210,399,-74084
9.0,9,210,402,-74084
9.0,9,210,401,-74084
9.0,9,210,403,-74084
9.0,9,210,400,-74084
9.0,9,210,402,-74084
9.0,9,210,400,-74084
9.0,9,210,402,-74084
9.0,9,210,400,-74084
9.0,9,210,401,-74084
9.0,9,210,401,-74084
9.0,9,210,401,-74084
9.0,9,210,401,-74084
9.0,9,210,402,-74084
9.0,9,210,401,-74084
9.0,9,210,401,-74084
9.0,9,210,400,-74084
9.0,9,210,401,-74084
9.0,9,210,401,-74085
9.0,9,210,401,-74085
9.0,9,210,401,-74085
9.0,9,210,401,-74085
9.0,9,210,401,-74085
9.0,9,210,402,-74085
9.0,9,210,402,-74085
9.0,9,210,400,-74085
9.0,9,210,400,-74085
9.0,9,210,401,-74085
9.0,9,210,401,-74085
9.0,9,210,400,-74085
9.0,9,225,423,-74662
9.0,9,225,425,-74662
9.0,9,225,423,-74662
9.0,9,225,425,-74662
9.0,9,225,424,-74662
9.0,9,225,425,-74662
9.0,9,225,424,-74662
9.0,9,225,425,-74663
9.0,9,225,424,-74663
9.0,9,225,425,-74663
9.0,9,225,424,-74663
9.0,9,225,425,-74663
9.0,9,225,424,-74663
9.0,9,225,425,-74663
9.0,9,225,425,-74663
9.0,9,225,425,-74663
9.0,9,225,424,-74663
9.0,9,225,425,-74663
9.0,9,225,424,-74663
9.0,9,225,424,-74663
9.0,9,225,424,-74663
9.0,9,225,425,-74663
9.0,9,225,423,-74663
9.0,9,225,424,-74663
9.0,9,225,424,-74663
9.0,9,225,424,-74663
9.0,9,225,424,-74663
9.0,9,225,424,-74663
9.0,9,225,423,-74663
9.0,9,225,425,-74663
9.0,9,225,425,-74663
9.0,9,225,425,-74663
9.0,9,225,423,-74663
9.0,9,225,424,-74663
9.0,9,225,424,-74663
9.0,9,225,426,-74663
9.0,9,225,424,-74663
9.0,9,225,424,-74663
9.0,9,225,424,-74663
9.0,9,225,424,-74663
9.0,9,225,424,-74663
9.0,9,225,423,-74663
9.0,9,225,424,-74663
9.0,9,225,424,-74663
9.0,9,225,424,-74663
9.0,9,225,424,-74663
9.0,9,225,423,-74663
9.0,9,225,424,-74663
9.0,9,225,424,-74663
9.0,9,225,423,-74663
16.8,17,60,232,-65089
16.8,17,60,228,-65089
16.8,17,60,230,-65089
16.8,17,60,230,-65089
16.8,17,60,228,-65089
16.8,17,60,229,-65089
16.8,17,60,232,-65089
16.8,17,60,228,-65089
16.8,17,60,228,-65089
16.8,17,60,232,-65089
16.8,17,60,230,-65089
16.8,17,60,231,-65089
16.8,17,60,230,-65089
16.8,17,60,230,-65089
16.8,17,60,232,-65089
16.8,17,60,232,-65089
16.8,17,60,235,-65089
16.8,17,60,232,-65089
16.8,17,60,232,-65089
16.8,17,60,232,-65089
16.8,17,60,233,-65089
16.8,17,60,226,-65089
16.8,17,60,234,-65089
16.8,17,60,232,-65089
16.8,17,60,230,-65089
16.8,17,60,233,-65089
16.8,17,60,237,-65089
16.8,17,60,226,-65089
16.8,17,60,231,-65089
16.8,17,60,233,-65089
16.8,17,60,227,-65089
16.8,17,60,233,-65089
16.8,17,60,234,-65089
16.8,17,60,224,-65089
16.8,17,60,231,-65089
16.8,17,60,231,-65089
16.8,17,60,230,-65089
16.8,17,60,228,-65089
16.8,17,60,232,-65089
16.8,17,60,230,-65089
16.8,17,60,232,-65089
16.8,17,60,231,-65089
16.8,17,60,233,-65089
16.8,17,60,227,-65089
16.8,17,60,234,-65089
16.8,17,60,232,-65089
16.8,17,60,233,-65089
16.8,17,60,229,-65089
16.8,17,60,234,-65089
16.8,17,60,232,-65089
16.8,17,90,280,-63910
16.8,17,90,281,-63910
16.8,17,90,280,-63910
16.8,17,90,280,-63910
16.8,17,90,281,-63910
16.8,17,90,281,-63910
16.8,17,90,281,-63910
16.8,17,90,280,-63910
16.8,17,90,281,-63910
16.8,17,90,280,-63910
16.8,17,90,279,-63910
16.8,17,90,281,-63910
16.8,17,90,280,-63910
16.8,17,90,282,-63910
16.8,17,90,281,-63910
16.8,17,90,279,-63910
16.8,17,90,277,-63910
16.8,17,90,279,-63910
16.8,17,90,280,-63910
16.8,17,90,279,-63910
16.8,17,90,279,-63910
16.8,17,90,280,-63910
16.8,17,90,279,-63910
16.8,17,90,281,-63910
16.8,17,90,280,-63910
16.8,17,90,279,-63910
16.8,17,90,280,-63910
16.8,17,90,280,-63910
16.8,17,90,280,-63910
16.8,17,90,281,-63910
16.8,17,90,279,-63910
16.8,17,90,280,-63910
16.8,17,90,280,-63910
16.8,17,90,280,-63910
16.8,17,90,278,-63910
16.8,17,90,281,-63910
16.8,17,90,279,-63910
16.8,17,90,280,-63910
16.8,17,90,280,-63910
16.8,17,90,280,-63910
16.8,17,90,280,-63910
16.8,17,90,280,-63910
16.8,17,90,280,-63910
16.8,17,90,279,-63910
16.8,17,90,280,-63910
16.8,17,90,281,-63910
16.8,17,90,280,-63910
16.8,17,90,281,-63910
16.8,17,90,280,-63910
16.8,17,90,280,-63910
16.8,17,120,394,-65922
16.8,17,120,394,-65922
16.8,17,120,394,-65922
16.8,17,120,395,-65922
16.8,17,120,394,-65922
16.8,17,120,394,-65922
16.8,17,120,393,-65922
16.8,17,120,395,-65922
16.8,17,120,395,-65922
16.8,17,120,394,-65922
16.8,17,120,393,-65922
16.8,17,120,396,-65922
16.8,17,120,395,-65922
16.8,17,120,394,-65922
16.8,17,120,394,-65922
16.8,17,120,396,-65922
16.8,17,120,395,-65922
16.8,17,120,395,-65922
16.8,17,120,394,-65922
16.8,17,120,395,-65922
16.8,17,120,394,-65922
16.8,17,120,394,-65922
16.8,17,120,394,-65922
16.8,17,120,393,-65922
16.8,17,120,393,-65922
16.8,17,120,394,-65922
16.8,17,120,394,-65922
16.8,17,120,394,-65922
16.8,17,120,393,-65922
16.8,17,120,394,-65922
16.8,17,120,393,-65922
16.8,17,120,394,-65922
16.8,17,120,393,-65922
16.8,17,120,394,-65922
16.8,17,120,393,-65922
16.8,17,120,394,-65922
16.8,17,120,394,-65922
16.8,17,120,393,-65922
16.8,17,120,392,-65922
16.8,17,120,395,-65922
16.8,17,120,394,-65922
16.8,17,120,394,-65922
16.8,17,120,394,-65922
16.8,17,120,393,-65922
16.8,17,120,393,-65922
16.8,17,120,393,-65922
16.8,17,120,393,-65922
16.8,17,120,394,-65922
16.8,17,120,394,-65922
16.8,17,120,393,-65922
16.8,17,150,481,-67697
16.8,17,150,485,-67697
16.8,17,150,485,-67697
16.8,17,150,483,-67697
16.8,17,150,487,-67697
16.8,17,150,483,-67697
16.8,17,150,485,-67697
16.8,17,150,484,-67697
16.8,17,150,487,-67697
16.8,17,150,484,-67697
16.8,17,150,485,-67697
16.8,17,150,484,-67697
16.8,17,150,486,-67697
16.8,17,150,482,-67697
16.8,17,150,486,-67697
16.8,17,150,483,-67697
16.8,17,150,485,-67697
16.8,17,150,484,-67697
16.8,17,150,484,-67697
16.8,17,150,483,-67697
16.8,17,150,484,-67697
16.8,17,150,483,-67697
16.8,17,150,485,-67697
16.8,17,150,483,-67697
16.8,17,150,485,-67697
16.8,17,150,483,-67697
16.8,17,150,484,-67697
16.8,17,150,483,-67697
16.8,17,150,484,-67697
16.8,17,150,483,-67697
16.8,17,150,485,-67697
16.8,17,150,483,-67697
16.8,17,150,485,-67697
16.8,17,150,483,-67697
16.8,17,150,482,-67697
16.8,17,150,482,-67697
16.8,17,150,485,-67697
16.8,17,150,483,-67697
16.8,17,150,485,-67697
16.8,17,150,484,-67697
16.8,17,150,485,-67697
16.8,17,150,482,-67697
16.8,17,150,485,-67697
16.8,17,150,483,-67697
16.8,17,150,483,-67697
16.8,17,150,484,-67697
16.8,17,150,485,-67697
16.8,17,150,485,-67697
16.8,17,150,483,-67697
16.8,17,150,484,-67697
16.8,17,180,575,-69677
16.8,17,180,575,-69677
16.8,17,180,576,-69677
16.8,17,180,575,-69677
16.8,17,180,575,-69677
16.8,17,180,575,-69677
16.8,17,180,575,-69677
16.8,17,180,575,-69677
16.8,17,180,575,-69677
16.8,17,180,574,-69677
16.8,17,180,574,-69677
16.8,17,180,576,-69677
16.8,17,180,575,-69677
16.8,17,180,574,-69677
16.8,17,180,575,-69677
16.8,17,180,575,-69677
16.8,17,180,574,-69677
16.8,17,180,575,-69677
16.8,17,180,574,-69677
16.8,17,180,574,-69677
16.8,17,180,575,-69677
16.8,17,180,575,-69677
16.8,17,180,574,-69677
16.8,17,180,574,-69677
16.8,17,180,574,-69677
16.8,17,180,574,-69677
16.8,17,180,574,-69677
16.8,17,180,574,-69677
16.8,17,180,574,-69677
16.8,17,180,574,-69677
16.8,17,180,575,-69677
16.8,17,180,574,-69677
16.8,17,180,574,-69677
16.8,17,180,574,-69677
16.8,17,180,574,-69677
16.8,17,180,574,-69677
16.8,17,180,574,-69677
16.8,17,180,573,-69677
16.8,17,180,574,-69677
16.8,17,180,573,-69677
16.8,17,180,574,-69677
16.8,17,180,573,-69677
16.8,17,180,573,-69677
16.8,17,180,573,-69677
16.8,17,180,574,-69677
16.8,17,180,574,-69677
16.8,17,180,573,-69677
16.8,17,180,573,-69677
16.8,17,180,573,-69677
16.8,17,180,574,-69677
16.8,17,210,655,-71410
16.8,17,210,656,-71410
16.8,17,210,656,-71411
16.8,17,210,656,-71411
16.8,17,210,657,-71411
16.8,17,210,655,-71411
16.8,17,210,656,-71411
16.8,17,210,656,-71411
16.8,17,210,656,-71411
16.8,17,210,655,-71411
16.8,17,210,655,-71411
16.8,17,210,654,-71411
16.8,17,210,655,-71411
16.8,17,210,654,-71411
16.8,17,210,656,-71411
16.8,17,210,654,-71411
16.8,17,210,654,-71411
16.8,17,210,655,-71411
16.8,17,210,656,-71411
16.8,17,210,654,-71411
16.8,17,210,655,-71411
16.8,17,210,655,-71411
16.8,17,210,655,-71411
16.8,17,210,653,-71411
16.8,17,210,655,-71411
16.8,17,210,654,-71411
16.8,17,210,655,-71411
16.8,17,210,654,-71411
16.8,17,210,654,-71411
16.8,17,210,654,-71411
16.8,17,210,654,-71411
16.8,17,210,654,-71411
16.8,17,210,655,-71411
16.8,17,210,654,-71411
16.8,17,210,654,-71411
16.8,17,210,653,-71411
16.8,17,210,654,-71411
16.8,17,210,654,-71411
16.8,17,210,654,-71411
16.8,17,210,653,-71411
16.8,17,210,654,-71411
16.8,17,210,654,-71411
16.8,17,210,654,-71411
16.8,17,210,653,-71411
16.8,17,210,654,-71411
16.8,17,210,654,-71411
16.8,17,210,656,-71411
16.8,17,210,653,-71411
16.8,17,210,654,-71411
16.8,17,210,653,-71411
16.8,17,225,688,-72070
16.8,17,225,688,-72070
16.8,17,225,688,-72070
16.8,17,225,688,-72070
16.8,17,225,689,-72070
16.8,17,225,687,-72070
16.8,17,225,687,-72070
16.8,17,225,688,-72070
16.8,17,225,687,-72070
16.8,17,225,688,-72070
16.8,17,225,688,-72070
16.8,17,225,687,-72070
16.8,17,225,687,-72070
16.8,17,225,687,-72070
16.8,17,225,687,-72070
16.8,17,225,688,-72070
16.8,17,225,687,-72070
16.8,17,225,686,-72070
16.8,17,225,688,-72070
16.8,17,225,687,-72070
16.8,17,225,687,-72070
16.8,17,225,686,-72070
16.8,17,225,687,-72070
16.8,17,225,687,-72070
16.8,17,225,689,-72070
16.8,17,225,686,-72070
16.8,17,225,687,-72070
16.8,17,225,687,-72070
16.8,17,225,688,-72070
16.8,17,225,687,-72070
16.8,17,225,686,-72070
16.8,17,225,687,-72070
16.8,17,225,687,-72070
16.8,17,225,687,-72070
16.8,17,225,687,-72070
16.8,17,225,687,-72070
16.8,17,225,687,-72070
16.8,17,225,687,-72070
16.8,17,225,686,-72070
16.8,17,225,687,-72070
16.8,17,225,686,-72070
16.8,17,225,686,-72070
16.8,17,225,687,-72070
16.8,17,225,686,-72070
16.8,17,225,686,-72070
16.8,17,225,687,-72070
16.8,17,225,686,-72070
16.8,17,225,687,-72070
16.8,17,225,687,-72070
16.8,17,225,685,-72070
15,15,60,211,-66554
15,15,60,209,-66554
15,15,60,206,-66554
15,15,60,205,-66554
15,15,60,209,-66554
15,15,60,207,-66554
15,15,60,206,-66554
15,15,60,207,-66554
15,15,60,207,-66554
15,15,60,206,-66554
15,15,60,210,-66554
15,15,60,204,-66554
15,15,60,208,-66554
15,15,60,206,-66554
15,15,60,207,-66554
15,15,60,205,-66554
15,15,60,208,-66554
15,15,60,208,-66554
15,15,60,206,-66554
15,15,60,206,-66554
15,15,60,208,-66554
15,15,60,204,-66554
15,15,60,211,-66554
15,15,60,208,-66554
15,15,60,201,-66554
15,15,60,209,-66554
15,15,60,208,-66554
15,15,60,203,-66554
15,15,60,206,-66554
15,15,60,208,-66554
15,15,60,205,-66554
15,15,60,206,-66554
15,15,60,208,-66554
15,15,60,204,-66554
15,15,60,205,-66554
15,15,60,212,-66554
15,15,60,204,-66554
15,15,60,208,-66554
15,15,60,208,-66554
15,15,60,206,-66554
15,15,60,204,-66554
15,15,60,206,-66554
15,15,60,201,-66554
15,15,60,204,-66554
15,15,60,206,-66554
15,15,60,208,-66554
15,15,60,206,-66554
15,15,60,206,-66554
15,15,60,205,-66554
15,15,60,208,-66554
15,15,90,250,-65305
15,15,90,252,-65305
15,15,90,251,-65305
15,15,90,252,-65305
15,15,90,251,-65305
15,15,90,251,-65305
15,15,90,250,-65305
15,15,90,252,-65305
15,15,90,250,-65305
15,15,90,251,-65305
15,15,90,251,-65305
15,15,90,253,-65305
15,15,90,251,-65305
15,15,90,253,-65305
15,15,90,251,-65305
15,15,90,252,-65305
15,15,90,251,-65305
15,15,90,251,-65305
15,15,90,251,-65305
15,15,90,253,-65305
15,15,90,252,-65305
15,15,90,251,-65305
15,15,90,252,-65305
15,15,90,252,-65305
15,15,90,251,-65305
15,15,90,252,-65305
15,15,90,251,-65305
15,15,90,250,-65305
15,15,90,252,-65305
15,15,90,251,-65305
15,15,90,253,-65305
15,15,90,251,-65305
15,15,90,252,-65305
15,15,90,251,-65305
15,15,90,252,-65305
15,15,90,252,-65305
15,15,90,250,-65305
15,15,90,251,-65305
15,15,90,253,-65305
15,15,90,251,-65305
15,15,90,251,-65305
15,15,90,250,-65305
15,15,90,251,-65305
15,15,90,251,-65305
15,15,90,253,-65305
15,15,90,250,-65305
15,15,90,253,-65305
15,15,90,253,-65305
15,15,90,251,-65305
15,15,90,250,-65305
15,15,120,354,-67073
15,15,120,356,-67073
15,15,120,355,-67073
15,15,120,354,-67073
15,15,120,355,-67073
15,15,120,355,-67073
15,15,120,355,-67073
15,15,120,354,-67073
15,15,120,355,-67073
15,15,120,354,-67073
15,15,120,355,-67073
15,15,120,354,-67073
15,15,120,355,-67073
15,15,120,354,-67073
15,15,120,355,-67073
15,15,120,353,-67073
15,15,120,354,-67073
15,15,120,354,-67073
15,15,120,355,-67073
15,15,120,354,-67073
15,15,120,354,-67073
15,15,120,352,-67073
15,15,120,352,-67073
15,15,120,353,-67073
15,15,120,355,-67073
15,15,120,353,-67073
15,15,120,354,-67073
15,15,120,354,-67073
15,15,120,354,-67073
15,15,120,353,-67073
15,15,120,353,-67073
15,15,120,354,-67073
15,15,120,355,-67073
15,15,120,355,-67073
15,15,120,354,-67073
15,15,120,354,-67073
15,15,120,354,-67073
15,15,120,354,-67073
15,15,120,353,-67073
15,15,120,353,-67073
15,15,120,354,-67073
15,15,120,354,-67073
15,15,120,353,-67073
15,15,120,353,-67073
15,15,120,354,-67073
15,15,120,354,-67073
15,15,120,353,-67073
15,15,120,355,-67073
15,15,120,354,-67073
15,15,120,354,-67073
15,15,150,443,-68792
15,15,150,447,-68792
15,15,150,445,-68792
15,15,150,447,-68792
15,15,150,445,-68792
15,15,150,446,-68792
15,15,150,446,-68792
15,15,150,447,-68792
15,15,150,446,-68792
15,15,150,446,-68792
15,15,150,446,-68792
15,15,150,447,-68792
15,15,150,446,-68792
15,15,150,446,-68792
15,15,150,446,-68792
15,15,150,446,-68792
15,15,150,447,-68792
15,15,150,447,-68792
15,15,150,444,-68792
15,15,150,446,-68792
15,15,150,444,-68792
15,15,150,447,-68792
15,15,150,445,-68792
15,15,150,448,-68792
15,15,150,444,-68792
15,15,150,447,-68792
15,15,150,444,-68792
15,15,150,448,-68792
15,15,150,444,-68792
15,15,150,446,-68792
15,15,150,445,-68792
15,15,150,446,-68792
15,15,150,445,-68792
15,15,150,445,-68792
15,15,150,445,-68792
15,15,150,445,-68792
15,15,150,446,-68792
15,15,150,446,-68792
15,15,150,446,-68792
15,15,150,445,-68792
15,15,150,446,-68792
15,15,150,445,-68792
15,15,150,447,-68792
15,15,150,445,-68792
15,15,150,446,-68792
15,15,150,445,-68792
15,15,150,445,-68792
15,15,150,445,-68792
15,15,150,445,-68792
15,15,150,444,-68792
15,15,180,526,-70556
15,15,180,524,-70556
15,15,180,526,-70556
15,15,180,524,-70556
15,15,180,527,-70556
15,15,180,525,-70556
15,15,180,526,-70556
15,15,180,525,-70556
15,15,180,525,-70556
15,15,180,525,-70556
15,15,180,527,-70556
15,15,180,526,-70556
15,15,180,526,-70556
15,15,180,524,-70556
15,15,180,525,-70556
15,15,180,526,-70556
15,15,180,525,-70556
15,15,180,526,-70556
15,15,180,526,-70556
15,15,180,525,-70556
15,15,180,525,-70556
15,15,180,525,-70556
15,15,180,525,-70556
15,15,180,526,-70556
15,15,180,525,-70556
15,15,180,526,-70556
15,15,180,524,-70556
15,15,180,526,-70556
15,15,180,525,-70556
15,15,180,524,-70556
15,15,180,523,-70556
15,15,180,524,-70556
15,15,180,524,-70557
15,15,180,525,-70557
15,15,180,524,-70557
15,15,180,525,-70557
15,15,180,524,-70557
15,15,180,525,-70557
15,15,180,524,-70557
15,15,180,526,-70557
15,15,180,524,-70557
15,15,180,524,-70557
15,15,180,524,-70557
15,15,180,525,-70557
15,15,180,526,-70557
15,15,180,524,-70557
15,15,180,524,-70557
15,15,180,524,-70557
15,15,180,525,-70557
15,15,180,523,-70557
15,15,210,590,-72081
15,15,210,589,-72081
15,15,210,588,-72081
15,15,210,589,-72081
15,15,210,590,-72081
15,15,210,589,-72081
15,15,210,590,-72081
15,15,210,591,-72081
15,15,210,588,-72081
15,15,210,590,-72081
15,15,210,590,-72081
15,15,210,591,-72081
15,15,210,591,-72081
15,15,210,590,-72081
15,15,210,590,-72081
15,15,210,590,-72081
15,15,210,591,-72081
15,15,210,591,-72081
15,15,210,590,-72081
15,15,210,589,-72081
15,15,210,590,-72081
15,15,210,590,-72081
15,15,210,589,-72081
15,15,210,591,-72081
15,15,210,589,-72081
15,15,210,590,-72081
15,15,210,587,-72081
15,15,210,590,-72081
15,15,210,588,-72082
15,15,210,589,-72082
15,15,210,588,-72082
15,15,210,590,-72082
15,15,210,591,-72082
15,15,210,589,-72082
15,15,210,589,-72082
15,15,210,589,-72082
15,15,210,589,-72082
15,15,210,588,-72082
15,15,210,589,-72082
15,15,210,589,-72082
15,15,210,589,-72082
15,15,210,588,-72082
15,15,210,589,-72082
15,15,210,589,-72082
15,15,210,589,-72082
15,15,210,589,-72082
15,15,210,589,-72082
15,15,210,589,-72082
15,15,210,589,-72082
15,15,210,588,-72082
15,15,225,614,-72706
15,15,225,614,-72706
15,15,225,615,-72706
15,15,225,614,-72706
15,15,225,614,-72706
15,15,225,615,-72706
15,15,225,614,-72706
15,15,225,615,-72706
15,15,225,614,-72706
15,15,225,615,-72706
15,15,225,613,-72706
15,15,225,616,-72706
15,15,225,613,-72706
15,15,225,614,-72706
15,15,225,613,-72706
15,15,225,615,-72706
15,15,225,613,-72706
15,15,225,615,-72706
15,15,225,613,-72706
15,15,225,614,-72706
15,15,225,613,-72706
15,15,225,614,-72706
15,15,225,613,-72706
15,15,225,614,-72706
15,15,225,615,-72706
15,15,225,613,-72706
15,15,225,613,-72706
15,15,225,614,-72706
15,15,225,614,-72706
15,15,225,613,-72707
15,15,225,614,-72707
15,15,225,614,-72707
15,15,225,614,-72707
15,15,225,614,-72707
15,15,225,614,-72707
15,15,225,614,-72707
15,15,225,614,-72707
15,15,225,615,-72707
15,15,225,614,-72707
15,15,225,614,-72707
15,15,225,614,-72707
15,15,225,614,-72707
15,15,225,614,-72707
15,15,225,613,-72707
15,15,225,614,-72707
15,15,225,613,-72707
15,15,225,614,-72707
15,15,225,614,-72707
15,15,225,615,-72707
15,15,225,612,-72707
10,10,60,116,-69588
10,10,60,121,-69588
10,10,60,122,-69588
10,10,60,122,-69588
10,10,60,120,-69588
10,10,60,119,-69588
10,10,60,122,-69588
10,10,60,120,-69588
10,10,60,119,-69588
10,10,60,122,-69588
10,10,60,120,-69588
10,10,60,120,-69588
10,10,60,122,-69588
10,10,60,116,-69588
10,10,60,120,-69588
10,10,60,122,-69588
10,10,60,119,-69588
10,10,60,122,-69588
10,10,60,115,-69588
10,10,60,122,-69588
10,10,60,120,-69588
10,10,60,119,-69588
10,10,60,122,-69588
10,10,60,118,-69588
10,10,60,121,-69588
10,10,60,120,-69588
10,10,60,122,-69588
10,10,60,118,-69588
10,10,60,116,-69588
10,10,60,122,-69588
10,10,60,122,-69588
10,10,60,116,-69588
10,10,60,118,-69588
10,10,60,122,-69588
10,10,60,122,-69588
10,10,60,122,-69588
10,10,60,115,-69588
10,10,60,120,-69588
10,10,60,122,-69588
10,10,60,121,-69588
10,10,60,121,-69588
10,10,60,118,-69588
10,10,60,120,-69588
10,10,60,121,-69588
10,10,60,120,-69588
10,10,60,120,-69588
10,10,60,119,-69588
10,10,60,121,-69588
10,10,60,123,-69588
10,10,60,117,-69588
10,10,90,174,-68516
10,10,90,176,-68516
10,10,90,176,-68516
10,10,90,177,-68516
10,10,90,177,-68516
10,10,90,178,-68516
10,10,90,177,-68516
10,10,90,178,-68516
10,10,90,176,-68516
10,10,90,177,-68516
10,10,90,180,-68516
10,10,90,178,-68516
10,10,90,176,-68516
10,10,90,177,-68516
10,10,90,179,-68516
10,10,90,177,-68516
10,10,90,179,-68516
10,10,90,178,-68516
10,10,90,179,-68516
10,10,90,178,-68516
10,10,90,178,-68516
10,10,90,177,-68516
10,10,90,178,-68516
10,10,90,176,-68516
10,10,90,178,-68516
10,10,90,176,-68516
10,10,90,178,-68516
10,10,90,177,-68516
10,10,90,177,-68516
10,10,90,179,-68516
10,10,90,178,-68516
10,10,90,177,-68516
10,10,90,176,-68516
10,10,90,178,-68516
10,10,90,177,-68516
10,10,90,177,-68516
10,10,90,178,-68516
10,10,90,177,-68516
10,10,90,177,-68516
10,10,90,177,-68516
10,10,90,178,-68516
10,10,90,177,-68516
10,10,90,176,-68516
10,10,90,177,-68516
10,10,90,174,-68516
10,10,90,178,-68516
10,10,90,176,-68516
10,10,90,177,-68516
10,10,90,177,-68516
10,10,90,178,-68516
10,10,120,248,-69836
10,10,120,250,-69836
10,10,120,249,-69836
10,10,120,249,-69836
10,10,120,249,-69836
10,10,120,249,-69836
10,10,120,249,-69836
10,10,120,249,-69836
10,10,120,248,-69836
10,10,120,250,-69836
10,10,120,247,-69836
10,10,120,249,-69836
10,10,120,247,-69836
10,10,120,250,-69836
10,10,120,247,-69836
10,10,120,247,-69836
10,10,120,249,-69836
10,10,120,248,-69836
10,10,120,249,-69836
10,10,120,249,-69836
10,10,120,249,-69836
10,10,120,248,-69836
10,10,120,250,-69836
10,10,120,249,-69836
10,10,120,249,-69836
10,10,120,249,-69836
10,10,120,250,-69836
10,10,120,248,-69836
10,10,120,249,-69836
10,10,120,248,-69836
10,10,120,250,-69836
10,10,120,246,-69836
10,10,120,248,-69836
10,10,120,247,-69836
10,10,120,249,-69836
10,10,120,248,-69836
10,10,120,249,-69836
10,10,120,248,-69836
10,10,120,248,-69836
10,10,120,249,-69836
10,10,120,248,-69836
10,10,120,249,-69836
10,10,120,249,-69836
10,10,120,250,-69836
10,10,120,249,-69836
10,10,120,249,-69836
10,10,120,248,-69836
10,10,120,249,-69836
10,10,120,248,-69836
10,10,120,249,-69836
10,10,150,331,-71322
10,10,150,332,-71322
10,10,150,332,-71322
10,10,150,332,-71322
10,10,150,332,-71322
10,10,150,333,-71322
10,10,150,330,-71322
10,10,150,332,-71322
10,10,150,329,-71322
10,10,150,331,-71322
10,10,150,331,-71322
10,10,150,333,-71322
10,10,150,332,-71322
10,10,150,332,-71322
10,10,150,331,-71322
10,10,150,331,-71322
10,10,150,332,-71322
10,10,150,332,-71322
10,10,150,332,-71322
10,10,150,332,-71322
10,10,150,332,-71322
10,10,150,331,-71322
10,10,150,332,-71322
10,10,150,332,-71322
10,10,150,333,-71322
10,10,150,331,-71322
10,10,150,332,-71322
10,10,150,330,-71322
10,10,150,333,-71322
10,10,150,331,-71322
10,10,150,332,-71322
10,10,150,330,-71322
10,10,150,333,-71322
10,10,150,331,-71322
10,10,150,332,-71322
10,10,150,331,-71322
10,10,150,331,-71322
10,10,150,331,-71322
10,10,150,331,-71322
10,10,150,332,-71322
10,10,150,331,-71322
10,10,150,332,-71322
10,10,150,330,-71322
10,10,150,332,-71322
10,10,150,331,-71322
10,10,150,332,-71322
10,10,150,332,-71322
10,10,150,332,-71322
10,10,150,331,-71322
10,10,150,333,-71322
10,10,180,380,-72550
10,10,180,380,-72551
10,10,180,380,-72551
10,10,180,380,-72551
10,10,180,381,-72551
10,10,180,379,-72551
10,10,180,380,-72551
10,10,180,380,-72551
10,10,180,380,-72551
10,10,180,379,-72551
10,10,180,380,-72551
10,10,180,378,-72551
10,10,180,381,-72551
10,10,180,376,-72551
10,10,180,379,-72551
10,10,180,379,-72551
10,10,180,379,-72551
10,10,180,379,-72551
10,10,180,376,-72551
10,10,180,379,-72551
10,10,180,380,-72551
10,10,180,380,-72551
10,10,180,380,-72551
10,10,180,379,-72551
10,10,180,380,-72551
10,10,180,380,-72551
10,10,180,379,-72551
10,10,180,380,-72551
10,10,180,379,-72551
10,10,180,379,-72551
10,10,180,379,-72551
10,10,180,380,-72551
10,10,180,379,-72551
10,10,180,379,-72551
10,10,180,379,-72551
10,10,180,380,-72551
10,10,180,378,-72551
10,10,180,380,-72551
10,10,180,378,-72551
10,10,180,381,-72551
10,10,180,378,-72551
10,10,180,380,-72551
10,10,180,379,-72551
10,10,180,379,-72551
10,10,180,379,-72551
10,10,180,379,-72551
10,10,180,380,-72551
10,10,180,380,-72551
10,10,180,379,-72551
10,10,180,377,-72551
10,10,210,436,-73764
10,10,210,438,-73764
10,10,210,437,-73764
10,10,210,438,-73764
10,10,210,438,-73764
10,10,210,438,-73764
10,10,210,436,-73764
10,10,210,438,-73764
10,10,210,437,-73764
10,10,210,437,-73764
10,10,210,436,-73764
10,10,210,436,-73764
10,10,210,438,-73764
10,10,210,436,-73764
10,10,210,438,-73764
10,10,210,437,-73764
10,10,210,438,-73764
10,10,210,438,-73764
10,10,210,437,-73764
10,10,210,437,-73764
10,10,210,438,-73764
10,10,210,438,-73764
10,10,210,437,-73764
10,10,210,438,-73764
10,10,210,438,-73764
10,10,210,437,-73764
10,10,210,435,-73764
10,10,210,438,-73764
10,10,210,436,-73764
10,10,210,437,-73764
10,10,210,435,-73764
10,10,210,438,-73764
10,10,210,436,-73764
10,10,210,437,-73764
10,10,210,437,-73764
10,10,210,436,-73764
10,10,210,437,-73764
10,10,210,436,-73764
10,10,210,438,-73764
10,10,210,437,-73764
10,10,210,437,-73764
10,10,210,436,-73764
10,10,210,437,-73764
10,10,210,437,-73764
10,10,210,437,-73764
10,10,210,432,-73764
10,10,210,438,-73764
10,10,210,436,-73764
10,10,210,437,-73764
10,10,210,436,-73764
10,10,225,464,-74450
10,10,225,464,-74450
10,10,225,465,-74450
10,10,225,463,-74450
10,10,225,465,-74450
10,10,225,461,-74450
10,10,225,464,-74450
10,10,225,461,-74450
10,10,225,464,-74450
10,10,225,463,-74450
10,10,225,463,-74450
10,10,225,464,-74450
10,10,225,464,-74450
10,10,225,464,-74450
10,10,225,464,-74450
10,10,225,463,-74450
10,10,225,463,-74450
10,10,225,462,-74450
10,10,225,463,-74450
10,10,225,464,-74450
10,10,225,463,-74450
10,10,225,464,-74450
10,10,225,462,-74450
10,10,225,464,-74450
10,10,225,463,-74450
10,10,225,464,-74450
10,10,225,462,-74450
10,10,225,464,-74450
10,10,225,462,-74450
10,10,225,464,-74450
10,10,225,461,-74450
10,10,225,462,-74450
10,10,225,463,-74450
10,10,225,463,-74450
10,10,225,464,-74450
10,10,225,463,-74450
10,10,225,464,-74450
10,10,225,463,-74450
10,10,225,463,-74450
10,10,225,463,-74450
10,10,225,463,-74450
10,10,225,462,-74450
10,10,225,463,-74450
10,10,225,462,-74450
10,10,225,462,-74450
10,10,225,462,-74450
10,10,225,463,-74450
10,10,225,462,-74450
10,10,225,464,-74450
10,10,225,461,-74450
13.9,14,60,193,-67487
13.9,14,60,198,-67487
13.9,14,60,199,-67487
13.9,14,60,199,-67487
13.9,14,60,200,-67487
13.9,14,60,193,-67487
13.9,14,60,199,-67487
13.9,14,60,198,-67487
13.9,14,60,193,-67487
13.9,14,60,196,-67487
13.9,14,60,194,-67487
13.9,14,60,196,-67487
13.9,14,60,198,-67487
13.9,14,60,192,-67487
13.9,14,60,195,-67487
13.9,14,60,198,-67487
13.9,14,60,198,-67487
13.9,14,60,199,-67487
13.9,14,60,194,-67487
13.9,14,60,198,-67487
13.9,14,60,199,-67487
13.9,14,60,198,-67487
13.9,14,60,199,-67487
13.9,14,60,196,-67487
13.9,14,60,199,-67487
13.9,14,60,200,-67487
13.9,14,60,200,-67487
13.9,14,60,198,-67487
13.9,14,60,193,-67487
13.9,14,60,200,-67487
13.9,14,60,201,-67487
13.9,14,60,198,-67487
13.9,14,60,196,-67487
13.9,14,60,198,-67487
13.9,14,60,196,-67487
13.9,14,60,199,-67487
13.9,14,60,191,-67487
13.9,14,60,195,-67487
13.9,14,60,197,-67487
13.9,14,60,198,-67487
13.9,14,60,197,-67487
13.9,14,60,192,-67487
13.9,14,60,195,-67487
13.9,14,60,197,-67487
13.9,14,60,200,-67487
13.9,14,60,195,-67487
13.9,14,60,193,-67487
13.9,14,60,195,-67487
13.9,14,60,198,-67487
13.9,14,60,193,-67487
13.9,14,90,233,-66080
13.9,14,90,234,-66080
13.9,14,90,233,-66080
13.9,14,90,234,-66080
13.9,14,90,233,-66080
13.9,14,90,234,-66080
13.9,14,90,234,-66080
13.9,14,90,233,-66080
13.9,14,90,230,-66080
13.9,14,90,234,-66080
13.9,14,90,233,-66080
13.9,14,90,233,-66080
13.9,14,90,234,-66080
13.9,14,90,233,-66080
13.9,14,90,234,-66080
13.9,14,90,234,-66080
13.9,14,90,233,-66080
13.9,14,90,233,-66080
13.9,14,90,233,-66080
13.9,14,90,232,-66080
13.9,14,90,233,-66080
13.9,14,90,232,-66080
13.9,14,90,233,-66080
13.9,14,90,233,-66080
13.9,14,90,233,-66080
13.9,14,90,233,-66080
13.9,14,90,233,-66080
13.9,14,90,233,-66080
13.9,14,90,234,-66080
13.9,14,90,231,-66080
13.9,14,90,232,-66080
13.9,14,90,232,-66080
13.9,14,90,233,-66080
13.9,14,90,232,-66080
13.9,14,90,231,-66080
13.9,14,90,233,-66080
13.9,14,90,232,-66080
13.9,14,90,233,-66080
13.9,14,90,233,-66080
13.9,14,90,233,-66080
13.9,14,90,234,-66080
13.9,14,90,234,-66080
13.9,14,90,233,-66080
13.9,14,90,233,-66080
13.9,14,90,234,-66080
13.9,14,90,233,-66080
13.9,14,90,234,-66080
13.9,14,90,233,-66080
13.9,14,90,233,-66080
13.9,14,90,234,-66080
13.9,14,120,328,-67567
13.9,14,120,327,-67567
13.9,14,120,329,-67567
13.9,14,120,328,-67567
13.9,14,120,329,-67567
13.9,14,120,327,-67567
13.9,14,120,329,-67567
13.9,14,120,329,-67567
13.9,14,120,328,-67567
13.9,14,120,327,-67567
13.9,14,120,329,-67567
13.9,14,120,327,-67567
13.9,14,120,326,-67567
13.9,14,120,327,-67567
13.9,14,120,328,-67567
13.9,14,120,328,-67567
13.9,14,120,329,-67567
13.9,14,120,328,-67567
13.9,14,120,327,-67567
13.9,14,120,329,-67567
13.9,14,120,328,-67567
13.9,14,120,328,-67567
13.9,14,120,327,-67567
13.9,14,120,329,-67567
13.9,14,120,329,-67567
13.9,14,120,328,-67567
13.9,14,120,328,-67567
13.9,14,120,328,-67567
13.9,14,120,329,-67567
13.9,14,120,327,-67567
13.9,14,120,327,-67567
13.9,14,120,329,-67567
13.9,14,120,327,-67567
13.9,14,120,328,-67567
13.9,14,120,326,-67567
13.9,14,120,328,-67567
13.9,14,120,328,-67567
13.9,14,120,326,-67567
13.9,14,120,326,-67567
13.9,14,120,327,-67567
13.9,14,120,328,-67567
13.9,14,120,328,-67567
13.9,14,120,327,-67567
13.9,14,120,328,-67567
13.9,14,120,327,-67567
13.9,14,120,327,-67567
13.9,14,120,329,-67567
13.9,14,120,327,-67567
13.9,14,120,328,-67567
13.9,14,120,328,-67567
13.9,14,150,421,-69408
13.9,14,150,420,-69408
13.9,14,150,422,-69408
13.9,14,150,420,-69408
13.9,14,150,423,-69408
13.9,14,150,421,-69408
13.9,14,150,421,-69408
13.9,14,150,421,-69408
13.9,14,150,421,-69408
13.9,14,150,421,-69408
13.9,14,150,421,-69408
13.9,14,150,421,-69408
13.9,14,150,421,-69408
13.9,14,150,422,-69408
13.9,14,150,421,-69408
13.9,14,150,421,-69408
13.9,14,150,420,-69408
13.9,14,150,422,-69408
13.9,14,150,421,-69408
13.9,14,150,421,-69408
13.9,14,150,420,-69408
13.9,14,150,421,-69408
13.9,14,150,421,-69408
13.9,14,150,421,-69408
13.9,14,150,421,-69408
13.9,14,150,421,-69408
13.9,14,150,421,-69408
13.9,14,150,419,-69408
13.9,14,150,419,-69408
13.9,14,150,420,-69408
13.9,14,150,421,-69408
13.9,14,150,421,-69408
13.9,14,150,421,-69408
13.9,14,150,420,-69408
13.9,14,150,421,-69408
13.9,14,150,421,-69408
13.9,14,150,421,-69408
13.9,14,150,420,-69408
13.9,14,150,421,-69408
13.9,14,150,421,-69408
13.9,14,150,421,-69408
13.9,14,150,420,-69408
13.9,14,150,420,-69408
13.9,14,150,421,-69408
13.9,14,150,421,-69408
13.9,14,150,420,-69408
13.9,14,150,420,-69408
13.9,14,150,420,-69408
13.9,14,150,421,-69408
13.9,14,150,417,-69408
13.9,14,180,493,-70977
13.9,14,180,494,-70977
13.9,14,180,492,-70977
13.9,14,180,494,-70978
13.9,14,180,494,-70978
13.9,14,180,494,-70978
13.9,14,180,494,-70978
13.9,14,180,494,-70978
13.9,14,180,493,-70978
13.9,14,180,494,-70978
13.9,14,180,493,-70979
13.9,14,180,494,-70979
13.9,14,180,492,-70979
13.9,14,180,494,-70979
13.9,14,180,491,-70979
13.9,14,180,495,-70979
13.9,14,180,493,-70979
13.9,14,180,493,-70979
13.9,14,180,494,-70979
13.9,14,180,493,-70980
13.9,14,180,494,-70980
13.9,14,180,493,-70980
13.9,14,180,493,-70980
13.9,14,180,492,-70980
13.9,14,180,494,-70980
13.9,14,180,494,-70980
13.9,14,180,493,-70980
13.9,14,180,493,-70980
13.9,14,180,494,-70981
13.9,14,180,493,-70981
13.9,14,180,494,-70981
13.9,14,180,493,-70981
13.9,14,180,493,-70981
13.9,14,180,492,-70981
13.9,14,180,493,-70981
13.9,14,180,492,-70981
13.9,14,180,493,-70981
13.9,14,180,492,-70981
13.9,14,180,493,-70981
13.9,14,180,494,-70981
13.9,14,180,493,-70981
13.9,14,180,495,-70982
13.9,14,180,493,-70982
13.9,14,180,495,-70982
13.9,14,180,493,-70982
13.9,14,180,494,-70982
13.9,14,180,492,-70982
13.9,14,180,493,-70982
13.9,14,180,493,-70982
13.9,14,180,493,-70982
13.9,14,210,559,-72507
13.9,14,210,561,-72508
13.9,14,210,559,-72508
13.9,14,210,558,-72508
13.9,14,210,560,-72508
13.9,14,210,560,-72508
13.9,14,210,560,-72508
13.9,14,210,560,-72508
13.9,14,210,560,-72508
13.9,14,210,559,-72508
13.9,14,210,559,-72508
13.9,14,210,560,-72508
13.9,14,210,560,-72508
13.9,14,210,559,-72508
13.9,14,210,559,-72508
13.9,14,210,560,-72508
13.9,14,210,561,-72508
13.9,14,210,560,-72508
13.9,14,210,560,-72508
13.9,14,210,559,-72508
13.9,14,210,560,-72508
13.9,14,210,559,-72508
13.9,14,210,560,-72508
13.9,14,210,557,-72508
13.9,14,210,560,-72508
13.9,14,210,560,-72508
13.9,14,210,559,-72508
13.9,14,210,560,-72508
13.9,14,210,559,-72508
13.9,14,210,560,-72508
13.9,14,210,560,-72508
13.9,14,210,559,-72508
13.9,14,210,559,-72508
13.9,14,210,559,-72508
13.9,14,210,559,-72508
13.9,14,210,559,-72508
13.9,14,210,559,-72508
13.9,14,210,559,-72508
13.9,14,210,559,-72508
13.9,14,210,560,-72508
13.9,14,210,558,-72508
13.9,14,210,560,-72508
13.9,14,210,558,-72508
13.9,14,210,561,-72508
13.9,14,210,556,-72508
13.9,14,210,559,-72508
13.9,14,210,559,-72508
13.9,14,210,558,-72508
13.9,14,210,559,-72508
13.9,14,210,558,-72508
13.9,14,225,577,-73084
13.9,14,225,579,-73084
13.9,14,225,580,-73084
13.9,14,225,576,-73085
13.9,14,225,579,-73085
13.9,14,225,578,-73085
13.9,14,225,579,-73085
13.9,14,225,579,-73085
13.9,14,225,582,-73085
13.9,14,225,578,-73085
13.9,14,225,579,-73085
13.9,14,225,579,-73085
13.9,14,225,578,-73086
13.9,14,225,578,-73086
13.9,14,225,580,-73086
13.9,14,225,579,-73086
13.9,14,225,578,-73086
13.9,14,225,578,-73086
13.9,14,225,578,-73086
13.9,14,225,579,-73086
13.9,14,225,578,-73086
13.9,14,225,579,-73086
13.9,14,225,578,-73086
13.9,14,225,579,-73086
13.9,14,225,578,-73087
13.9,14,225,579,-73087
13.9,14,225,577,-73087
13.9,14,225,579,-73087
13.9,14,225,577,-73087
13.9,14,225,578,-73087
13.9,14,225,576,-73087
13.9,14,225,579,-73087
13.9,14,225,576,-73087
13.9,14,225,578,-73087
13.9,14,225,579,-73087
13.9,14,225,578,-73087
13.9,14,225,579,-73087
13.9,14,225,578,-73087
13.9,14,225,578,-73087
13.9,14,225,577,-73088
13.9,14,225,578,-73088
13.9,14,225,578,-73088
13.9,14,225,578,-73088
13.9,14,225,578,-73088
13.9,14,225,577,-73088
13.9,14,225,576,-73088
13.9,14,225,578,-73088
13.9,14,225,576,-73088
13.9,14,225,579,-73088
13.9,14,225,577,-73088
7,7,60,70,-70675
7,7,60,65,-70675
7,7,60,69,-70675
7,7,60,66,-70675
7,7,60,70,-70675
7,7,60,69,-70675
7,7,60,66,-70675
7,7,60,67,-70675
7,7,60,70,-70675
7,7,60,69,-70675
7,7,60,68,-70675
7,7,60,68,-70675
7,7,60,67,-70675
7,7,60,71,-70675
7,7,60,67,-70675
7,7,60,69,-70675
7,7,60,69,-70675
7,7,60,69,-70675
7,7,60,71,-70675
7,7,60,66,-70675
7,7,60,67,-70675
7,7,60,72,-70675
7,7,60,67,-70675
7,7,60,71,-70675
7,7,60,66,-70675
7,7,60,70,-70675
7,7,60,68,-70675
7,7,60,65,-70675
7,7,60,68,-70675
7,7,60,69,-70675
7,7,60,66,-70675
7,7,60,70,-70675
7,7,60,69,-70675
7,7,60,69,-70675
7,7,60,69,-70675
7,7,60,65,-70675
7,7,60,69,-70675
7,7,60,69,-70675
7,7,60,67,-70675
7,7,60,70,-70675
7,7,60,68,-70675
7,7,60,68,-70675
7,7,60,72,-70675
7,7,60,66,-70675
7,7,60,68,-70675
7,7,60,67,-70675
7,7,60,65,-70675
7,7,60,69,-70675
7,7,60,71,-70675
7,7,60,69,-70675
7,7,90,109,-69944
7,7,90,109,-69944
7,7,90,109,-69944
7,7,90,110,-69944
7,7,90,111,-69944
7,7,90,109,-69944
7,7,90,109,-69944
7,7,90,109,-69944
7,7,90,110,-69944
7,7,90,109,-69944
7,7,90,111,-69944
7,7,90,108,-69944
7,7,90,110,-69944
7,7,90,110,-69944
7,7,90,110,-69944
7,7,90,109,-69944
7,7,90,109,-69944
7,7,90,109,-69944
7,7,90,110,-69944
7,7,90,108,-69944
7,7,90,110,-69944
7,7,90,108,-69944
7,7,90,110,-69944
7,7,90,108,-69944
7,7,90,109,-69944
7,7,90,107,-69944
7,7,90,110,-69944
7,7,90,109,-69944
7,7,90,109,-69944
7,7,90,110,-69944
7,7,90,109,-69944
7,7,90,111,-69944
7,7,90,109,-69944
7,7,90,110,-69944
7,7,90,110,-69944
7,7,90,109,-69944
7,7,90,109,-69944
7,7,90,111,-69944
7,7,90,107,-69944
7,7,90,110,-69944
7,7,90,109,-69944
7,7,90,109,-69944
7,7,90,109,-69944
7,7,90,109,-69944
7,7,90,107,-69944
7,7,90,110,-69944
7,7,90,108,-69944
7,7,90,110,-69944
7,7,90,109,-69944
7,7,90,110,-69944
7,7,120,187,-71389
7,7,120,188,-71389
7,7,120,189,-71389
7,7,120,187,-71389
7,7,120,188,-71389
7,7,120,188,-71389
7,7,120,188,-71389
7,7,120,187,-71389
7,7,120,188,-71389
7,7,120,187,-71389
7,7,120,189,-71389
7,7,120,187,-71389
7,7,120,188,-71389
7,7,120,186,-71389
7,7,120,188,-71389
7,7,120,187,-71389
7,7,120,187,-71389
7,7,120,187,-71389
7,7,120,187,-71389
7,7,120,188,-71389
7,7,120,188,-71389
7,7,120,188,-71389
7,7,120,188,-71389
7,7,120,189,-71389
7,7,120,187,-71389
7,7,120,187,-71389
7,7,120,187,-71389
7,7,120,188,-71389
7,7,120,187,-71389
7,7,120,187,-71389
7,7,120,188,-71389
7,7,120,188,-71389
7,7,120,187,-71389
7,7,120,187,-71389
7,7,120,186,-71389
7,7,120,188,-71389
7,7,120,186,-71389
7,7,120,188,-71389
7,7,120,186,-71389
7,7,120,188,-71389
7,7,120,187,-71389
7,7,120,188,-71389
7,7,120,188,-71389
7,7,120,187,-71389
7,7,120,188,-71389
7,7,120,188,-71389
7,7,120,187,-71389
7,7,120,187,-71389
7,7,120,188,-71389
7,7,120,186,-71389
7,7,150,244,-72415
7,7,150,243,-72415
7,7,150,245,-72415
7,7,150,245,-72415
7,7,150,245,-72415
7,7,150,244,-72415
7,7,150,246,-72415
7,7,150,244,-72415
7,7,150,245,-72415
7,7,150,244,-72415
7,7,150,245,-72415
7,7,150,244,-72415
7,7,150,244,-72415
7,7,150,242,-72415
7,7,150,245,-72415
7,7,150,244,-72415
7,7,150,245,-72415
7,7,150,244,-72415
7,7,150,244,-72415
7,7,150,245,-72415
7,7,150,245,-72415
7,7,150,245,-72415
7,7,150,244,-72415
7,7,150,245,-72415
7,7,150,245,-72415
7,7,150,244,-72415
7,7,150,245,-72415
7,7,150,244,-72415
7,7,150,244,-72415
7,7,150,246,-72415
7,7,150,244,-72415
7,7,150,244,-72415
7,7,150,244,-72415
7,7,150,246,-72415
7,7,150,243,-72415
7,7,150,245,-72415
7,7,150,243,-72415
7,7,150,246,-72415
7,7,150,244,-72415
7,7,150,244,-72415
7,7,150,245,-72415
7,7,150,244,-72415
7,7,150,246,-72415
7,7,150,244,-72415
7,7,150,244,-72415
7,7,150,243,-72415
7,7,150,246,-72415
7,7,150,245,-72415
7,7,150,245,-72415
7,7,150,245,-72415
7,7,180,309,-73606
7,7,180,309,-73606
7,7,180,310,-73606
7,7,180,309,-73606
7,7,180,310,-73606
7,7,180,309,-73606
7,7,180,310,-73606
7,7,180,309,-73606
7,7,180,310,-73606
7,7,180,309,-73606
7,7,180,309,-73606
7,7,180,309,-73606
7,7,180,309,-73606
7,7,180,308,-73606
7,7,180,309,-73606
7,7,180,309,-73606
7,7,180,309,-73606
7,7,180,308,-73606
7,7,180,309,-73606
7,7,180,308,-73606
7,7,180,309,-73606
7,7,180,307,-73606
7,7,180,309,-73606
7,7,180,309,-73606
7,7,180,308,-73606
7,7,180,309,-73606
7,7,180,310,-73606
7,7,180,309,-73606
7,7,180,310,-73606
7,7,180,309,-73606
7,7,180,310,-73606
7,7,180,309,-73606
7,7,180,309,-73606
7,7,180,309,-73606
7,7,180,309,-73606
7,7,180,310,-73606
7,7,180,308,-73606
7,7,180,309,-73606
7,7,180,308,-73606
7,7,180,310,-73606
7,7,180,309,-73606
7,7,180,308,-73606
7,7,180,304,-73606
7,7,180,308,-73606
7,7,180,308,-73606
7,7,180,308,-73606
7,7,180,307,-73606
7,7,180,309,-73606
7,7,180,310,-73606
7,7,180,309,-73606
7,7,210,347,-74681
7,7,210,349,-74681
7,7,210,348,-74681
7,7,210,349,-74681
7,7,210,347,-74681
7,7,210,350,-74681
7,7,210,348,-74681
7,7,210,348,-74681
7,7,210,348,-74681
7,7,210,349,-74681
7,7,210,347,-74681
7,7,210,348,-74681
7,7,210,348,-74681
7,7,210,348,-74681
7,7,210,348,-74681
7,7,210,349,-74682
7,7,210,348,-74682
7,7,210,348,-74682
7,7,210,349,-74682
7,7,210,348,-74682
7,7,210,348,-74682
7,7,210,349,-74682
7,7,210,348,-74682
7,7,210,349,-74682
7,7,210,348,-74682
7,7,210,348,-74682
7,7,210,349,-74682
7,7,210,349,-74682
7,7,210,348,-74682
7,7,210,347,-74682
7,7,210,349,-74682
7,7,210,347,-74682
7,7,210,348,-74682
7,7,210,347,-74682
7,7,210,348,-74682
7,7,210,347,-74682
7,7,210,347,-74682
7,7,210,347,-74682
7,7,210,349,-74682
7,7,210,347,-74682
7,7,210,348,-74682
7,7,210,346,-74682
7,7,210,348,-74682
7,7,210,349,-74682
7,7,210,347,-74682
7,7,210,348,-74682
7,7,210,347,-74682
7,7,210,349,-74682
7,7,210,348,-74682
7,7,210,349,-74682
7,7,225,372,-75201
7,7,225,374,-75201
7,7,225,373,-75201
7,7,225,373,-75201
7,7,225,373,-75201
7,7,225,375,-75201
7,7,225,375,-75201
7,7,225,373,-75201
7,7,225,374,-75201
7,7,225,373,-75201
7,7,225,373,-75201
7,7,225,373,-75201
7,7,225,372,-75201
7,7,225,373,-75201
7,7,225,373,-75201
7,7,225,374,-75201
7,7,225,373,-75201
7,7,225,373,-75201
7,7,225,373,-75201
7,7,225,373,-75201
7,7,225,374,-75201
7,7,225,372,-75201
7,7,225,373,-75201
7,7,225,372,-75201
7,7,225,374,-75201
7,7,225,370,-75201
7,7,225,374,-75201
7,7,225,371,-75201
7,7,225,373,-75201
7,7,225,372,-75201
7,7,225,373,-75201
7,7,225,374,-75201
7,7,225,373,-75201
7,7,225,373,-75201
7,7,225,374,-75201
7,7,225,372,-75201
7,7,225,372,-75201
7,7,225,373,-75201
7,7,225,373,-75201
7,7,225,373,-75201
7,7,225,372,-75201
7,7,225,373,-75201
7,7,225,373,-75201
7,7,225,374,-75201
7,7,225,372,-75201
7,7,225,373,-75201
7,7,225,374,-75201
7,7,225,373,-75201
7,7,225,372,-75201
7,7,225,372,-75202
