Trial,Mass (g),Load Cell Reading
0,50,10991.00
0,50,10975.00
0,50,10957.00
0,50,10935.00
0,50,10939.00
0,50,10964.00
0,50,10931.00
0,50,10923.00
0,50,10929.00
0,50,10972.00
0,50,10987.00
0,50,10955.00
0,50,10957.00
0,50,10937.00
0,50,10916.00
0,50,10928.00
0,50,10917.00
0,50,10908.00
0,50,10919.00
0,50,10963.00
0,50,10939.00
0,50,10921.00
0,50,10903.00
0,50,10933.00
0,50,10935.00
0,50,10934.00
0,50,10948.00
0,50,10936.00
0,50,10899.00
0,50,10930.00
0,50,10956.00
0,50,10910.00
0,50,10896.00
0,50,10925.00
0,50,10930.00
0,50,10899.00
0,50,10910.00
0,50,10932.00
0,50,10904.00
0,50,10896.00
0,50,10936.00
0,50,10976.00
0,50,10931.00
0,50,10891.00
0,50,10937.00
0,50,10941.00
0,50,10910.00
0,50,10954.00
0,50,10954.00
0,50,10927.00
0,50,10943.00
0,50,10937.00
0,50,10916.00
0,50,10920.00
0,50,10954.00
0,50,10928.00
0,50,10940.00
0,50,10962.00
0,50,10965.00
0,50,10933.00
0,50,10918.00
0,50,10909.00
0,50,10958.00
0,50,10940.00
0,50,10950.00
0,50,10951.00
0,50,10927.00
0,50,10943.00
0,50,10940.00
0,50,10926.00
0,50,10917.00
0,50,10934.00
0,50,10926.00
0,50,10962.00
0,50,10989.00
0,50,10960.00
0,50,10932.00
0,50,10939.00
0,50,10961.00
0,50,10951.00
0,50,10941.00
0,50,10942.00
0,50,10960.00
0,50,10953.00
0,50,10931.00
0,50,10907.00
0,50,10923.00
0,50,10979.00
0,50,10961.00
0,50,10963.00
0,50,10955.00
0,50,10938.00
0,50,10967.00
0,50,10954.00
0,50,10931.00
0,50,10951.00
0,50,10933.00
0,50,10901.00
0,50,10936.00
0,50,10914.00
0,50,10899.00
0,50,10942.00
0,50,10956.00
0,50,10913.00
0,50,10914.00
0,50,10917.00
0,50,10944.00
0,50,10970.00
0,50,10930.00
0,50,10905.00
0,50,10909.00
0,50,10896.00
0,50,10868.00
0,50,10904.00
1,70,15257.00
1,70,15264.00
1,70,15294.00
1,70,15275.00
1,70,15264.00
1,70,15247.00
1,70,15221.00
1,70,15249.00
1,70,15262.00
1,70,15262.00
1,70,15231.00
1,70,15271.00
1,70,15291.00
1,70,15266.00
1,70,15309.00
1,70,15316.00
1,70,15287.00
1,70,15255.00
1,70,15268.00
1,70,15300.00
1,70,15311.00
1,70,15289.00
1,70,15291.00
1,70,15307.00
1,70,15308.00
1,70,15305.00
1,70,15273.00
1,70,15237.00
1,70,15250.00
1,70,15267.00
1,70,15228.00
1,70,15233.00
1,70,15259.00
1,70,15291.00
1,70,15272.00
1,70,15230.00
1,70,15249.00
1,70,15243.00
1,70,15253.00
1,70,15254.00
1,70,15268.00
1,70,15260.00
1,70,15262.00
1,70,15255.00
1,70,15245.00
1,70,15279.00
1,70,15276.00
1,70,15292.00
1,70,15298.00
1,70,15318.00
1,70,15300.00
1,70,15292.00
1,70,15311.00
1,70,15247.00
1,70,15231.00
1,70,15257.00
1,70,15264.00
1,70,15249.00
1,70,15254.00
1,70,15247.00
1,70,15258.00
1,70,15317.00
1,70,15314.00
1,70,15271.00
1,70,15275.00
1,70,15273.00
1,70,15294.00
1,70,15304.00
1,70,15263.00
1,70,15229.00
1,70,15234.00
1,70,15220.00
1,70,15236.00
1,70,15248.00
1,70,15241.00
1,70,15268.00
1,70,15279.00
1,70,15277.00
1,70,15301.00
1,70,15283.00
1,70,15256.00
1,70,15267.00
1,70,15285.00
1,70,15294.00
1,70,15285.00
1,70,15277.00
1,70,15263.00
1,70,15250.00
1,70,15234.00
1,70,15267.00
1,70,15306.00
1,70,15287.00
1,70,15267.00
1,70,15242.00
1,70,15271.00
1,70,15254.00
1,70,15248.00
1,70,15245.00
1,70,15238.00
1,70,15256.00
1,70,15268.00
1,70,15306.00
1,70,15278.00
1,70,15255.00
1,70,15278.00
1,70,15276.00
1,70,15244.00
1,70,15236.00
1,70,15214.00
1,70,15255.00
1,70,15270.00
1,70,15272.00
1,70,15289.00
1,70,15279.00
2,90,19649.00
2,90,19652.00
2,90,19634.00
2,90,19662.00
2,90,19677.00
2,90,19664.00
2,90,19643.00
2,90,19629.00
2,90,19648.00
2,90,19663.00
2,90,19643.00
2,90,19616.00
2,90,19673.00
2,90,19671.00
2,90,19635.00
2,90,19647.00
2,90,19680.00
2,90,19690.00
2,90,19684.00
2,90,19680.00
2,90,19677.00
2,90,19672.00
2,90,19640.00
2,90,19641.00
2,90,19648.00
2,90,19679.00
2,90,19695.00
2,90,19648.00
2,90,19652.00
2,90,19606.00
2,90,19607.00
2,90,19608.00
2,90,19657.00
2,90,19654.00
2,90,19664.00
2,90,19699.00
2,90,19673.00
2,90,19676.00
2,90,19694.00
2,90,19689.00
2,90,19687.00
2,90,19720.00
2,90,19644.00
2,90,19661.00
2,90,19694.00
2,90,19660.00
2,90,19629.00
2,90,19668.00
2,90,19673.00
2,90,19662.00
2,90,19656.00
2,90,19679.00
2,90,19672.00
2,90,19621.00
2,90,19657.00
2,90,19703.00
2,90,19691.00
2,90,19652.00
2,90,19649.00
2,90,19633.00
2,90,19600.00
2,90,19640.00
2,90,19650.00
2,90,19641.00
2,90,19675.00
2,90,19687.00
2,90,19647.00
2,90,19668.00
2,90,19672.00
2,90,19643.00
2,90,19671.00
2,90,19666.00
2,90,19688.00
2,90,19699.00
2,90,19656.00
2,90,19664.00
2,90,19663.00
2,90,19648.00
2,90,19676.00
2,90,19698.00
2,90,19665.00
2,90,19643.00
2,90,19625.00
2,90,19652.00
2,90,19621.00
2,90,19667.00
2,90,19695.00
2,90,19636.00
2,90,19619.00
2,90,19652.00
2,90,19640.00
2,90,19631.00
2,90,19625.00
2,90,19657.00
2,90,19632.00
2,90,19622.00
2,90,19647.00
2,90,19672.00
2,90,19693.00
2,90,19642.00
2,90,19582.00
2,90,19581.00
2,90,19652.00
2,90,19696.00
2,90,19673.00
2,90,19669.00
2,90,19616.00
2,90,19593.00
2,90,19629.00
2,90,19655.00
2,90,19632.00
2,90,19645.00
2,90,19646.00
2,90,19649.00
3,100,21929.00
3,100,21902.00
3,100,21901.00
3,100,21869.00
3,100,21894.00
3,100,21938.00
3,100,21887.00
3,100,21871.00
3,100,21924.00
3,100,21902.00
3,100,21864.00
3,100,21864.00
3,100,21877.00
3,100,21931.00
3,100,21888.00
3,100,21855.00
3,100,21913.00
3,100,21934.00
3,100,21922.00
3,100,21883.00
3,100,21912.00
3,100,21899.00
3,100,21880.00
3,100,21887.00
3,100,21952.00
3,100,21899.00
3,100,21874.00
3,100,21852.00
3,100,21863.00
3,100,21894.00
3,100,21885.00
3,100,21877.00
3,100,21889.00
3,100,21883.00
3,100,21880.00
3,100,21877.00
3,100,21908.00
3,100,21880.00
3,100,21899.00
3,100,21909.00
3,100,21855.00
3,100,21834.00
3,100,21866.00
3,100,21887.00
3,100,21886.00
3,100,21866.00
3,100,21869.00
3,100,21946.00
3,100,21901.00
3,100,21851.00
3,100,21890.00
3,100,21900.00
3,100,21936.00
3,100,21924.00
3,100,21905.00
3,100,21904.00
3,100,21908.00
3,100,21907.00
3,100,21875.00
3,100,21870.00
3,100,21870.00
3,100,21881.00
3,100,21904.00
3,100,21911.00
3,100,21909.00
3,100,21900.00
3,100,21885.00
3,100,21889.00
3,100,21899.00
3,100,21887.00
3,100,21870.00
3,100,21870.00
3,100,21869.00
3,100,21916.00
3,100,21881.00
3,100,21879.00
3,100,21853.00
3,100,21883.00
3,100,21856.00
3,100,21842.00
3,100,21895.00
3,100,21875.00
3,100,21828.00
3,100,21872.00
3,100,21875.00
3,100,21869.00
3,100,21863.00
3,100,21870.00
3,100,21872.00
3,100,21846.00
3,100,21888.00
3,100,21887.00
3,100,21879.00
3,100,21870.00
3,100,21862.00
3,100,21865.00
3,100,21844.00
3,100,21896.00
3,100,21890.00
3,100,21876.00
3,100,21915.00
3,100,21916.00
3,100,21853.00
3,100,21840.00
3,100,21834.00
3,100,21842.00
3,100,21848.00
3,100,21853.00
3,100,21877.00
3,100,21885.00
3,100,21915.00
3,100,21863.00
3,100,21833.00
4,20,4305.00
4,20,4327.00
4,20,4349.00
4,20,4362.00
4,20,4322.00
4,20,4293.00
4,20,4323.00
4,20,4328.00
4,20,4308.00
4,20,4306.00
4,20,4302.00
4,20,4323.00
4,20,4346.00
4,20,4351.00
4,20,4321.00
4,20,4326.00
4,20,4293.00
4,20,4234.00
4,20,4292.00
4,20,4308.00
4,20,4324.00
4,20,4331.00
4,20,4316.00
4,20,4269.00
4,20,4269.00
4,20,4309.00
4,20,4336.00
4,20,4326.00
4,20,4313.00
4,20,4295.00
4,20,4328.00
4,20,4344.00
4,20,4312.00
4,20,4318.00
4,20,4290.00
4,20,4295.00
4,20,4323.00
4,20,4308.00
4,20,4306.00
4,20,4322.00
4,20,4350.00
4,20,4382.00
4,20,4332.00
4,20,4304.00
4,20,4311.00
4,20,4291.00
4,20,4306.00
4,20,4304.00
4,20,4306.00
4,20,4293.00
4,20,4331.00
4,20,4322.00
4,20,4304.00
4,20,4311.00
4,20,4314.00
4,20,4314.00
4,20,4322.00
4,20,4338.00
4,20,4320.00
4,20,4299.00
4,20,4328.00
4,20,4321.00
4,20,4261.00
4,20,4229.00
4,20,4260.00
4,20,4319.00
4,20,4367.00
4,20,4345.00
4,20,4302.00
4,20,4262.00
4,20,4260.00
4,20,4307.00
4,20,4324.00
4,20,4319.00
4,20,4301.00
4,20,4319.00
4,20,4360.00
4,20,4354.00
4,20,4382.00
4,20,4309.00
4,20,4295.00
4,20,4295.00
4,20,4297.00
4,20,4335.00
4,20,4326.00
4,20,4288.00
4,20,4344.00
4,20,4292.00
4,20,4300.00
4,20,4358.00
4,20,4334.00
4,20,4289.00
4,20,4315.00
4,20,4346.00
4,20,4339.00
4,20,4311.00
4,20,4289.00
4,20,4298.00
4,20,4307.00
4,20,4304.00
4,20,4316.00
4,20,4312.00
4,20,4289.00
4,20,4290.00
4,20,4289.00
4,20,4283.00
4,20,4281.00
4,20,4290.00
4,20,4279.00
4,20,4262.00
4,20,4321.00
4,20,4284.00
4,20,4269.00
4,20,4304.00
5,200,43965.00
5,200,43946.00
5,200,43948.00
5,200,43943.00
5,200,43924.00
5,200,43914.00
5,200,43937.00
5,200,43962.00
5,200,43978.00
5,200,43934.00
5,200,43907.00
5,200,43902.00
5,200,43913.00
5,200,43958.00
5,200,43949.00
5,200,43903.00
5,200,43882.00
5,200,43912.00
5,200,43941.00
5,200,43951.00
5,200,43946.00
5,200,43939.00
5,200,43917.00
5,200,43920.00
5,200,43930.00
5,200,43924.00
5,200,43943.00
5,200,43943.00
5,200,43971.00
5,200,43945.00
5,200,43949.00
5,200,43931.00
5,200,43937.00
5,200,43909.00
5,200,43877.00
5,200,43923.00
5,200,43919.00
5,200,43925.00
5,200,43936.00
5,200,43962.00
5,200,43948.00
5,200,43922.00
5,200,43938.00
5,200,43909.00
5,200,43980.00
5,200,43974.00
5,200,43934.00
5,200,43888.00
5,200,43904.00
5,200,43954.00
5,200,43926.00
5,200,43938.00
5,200,43964.00
5,200,43952.00
5,200,43940.00
5,200,43928.00
5,200,43928.00
5,200,43948.00
5,200,43920.00
5,200,43900.00
5,200,43907.00
5,200,43950.00
5,200,43907.00
5,200,43917.00
5,200,43943.00
5,200,43919.00
5,200,43896.00
5,200,43912.00
5,200,43920.00
5,200,43913.00
5,200,43902.00
5,200,43903.00
5,200,43920.00
5,200,43916.00
5,200,43917.00
5,200,43908.00
5,200,43872.00
5,200,43894.00
5,200,43917.00
5,200,43955.00
5,200,43942.00
5,200,43911.00
5,200,43927.00
5,200,43921.00
5,200,43940.00
5,200,43933.00
5,200,43918.00
5,200,43927.00
5,200,43945.00
5,200,43917.00
5,200,43891.00
5,200,43893.00
5,200,43879.00
5,200,43884.00
5,200,43914.00
5,200,43929.00
5,200,43929.00
5,200,43932.00
5,200,43864.00
5,200,43889.00
5,200,43945.00
5,200,43915.00
5,200,43903.00
5,200,43925.00
5,200,43943.00
5,200,43917.00
5,200,43878.00
5,200,43919.00
5,200,43949.00
5,200,43971.00
5,200,43964.00
5,200,43945.00
5,200,43906.00
5,200,43928.00
6,250,54908.00
6,250,54907.00
6,250,54916.00
6,250,54914.00
6,250,54925.00
6,250,54967.00
6,250,54982.00
6,250,54962.00
6,250,54967.00
6,250,54968.00
6,250,54986.00
6,250,54981.00
6,250,54947.00
6,250,54948.00
6,250,54960.00
6,250,54932.00
6,250,54892.00
6,250,54908.00
6,250,54947.00
6,250,54959.00
6,250,54930.00
6,250,54936.00
6,250,54954.00
6,250,54956.00
6,250,54935.00
6,250,54900.00
6,250,54924.00
6,250,54953.00
6,250,54964.00
6,250,54984.00
6,250,54975.00
6,250,54932.00
6,250,54902.00
6,250,54954.00
6,250,54967.00
6,250,54939.00
6,250,54936.00
6,250,54952.00
6,250,54927.00
6,250,54928.00
6,250,54945.00
6,250,54943.00
6,250,54945.00
6,250,54955.00
6,250,54973.00
6,250,54940.00
6,250,54939.00
6,250,54943.00
6,250,54902.00
6,250,54896.00
6,250,54903.00
6,250,54930.00
6,250,54936.00
6,250,54918.00
6,250,54896.00
6,250,54917.00
6,250,54891.00
6,250,54926.00
6,250,54936.00
6,250,54940.00
6,250,54948.00
6,250,54919.00
6,250,54949.00
6,250,54938.00
6,250,54924.00
6,250,54936.00
6,250,54954.00
6,250,54939.00
6,250,54905.00
6,250,54948.00
6,250,54983.00
6,250,54970.00
6,250,54909.00
6,250,54912.00
6,250,54964.00
6,250,54974.00
6,250,54967.00
6,250,54945.00
6,250,54952.00
6,250,54945.00
6,250,54938.00
6,250,54939.00
6,250,54914.00
6,250,54927.00
6,250,54920.00
6,250,54943.00
6,250,54938.00
6,250,54943.00
6,250,54962.00
6,250,54906.00
6,250,54938.00
6,250,54965.00
6,250,54971.00
6,250,54965.00
6,250,54952.00
6,250,54949.00
6,250,54924.00
6,250,54897.00
6,250,54909.00
6,250,54907.00
6,250,54896.00
6,250,54894.00
6,250,54934.00
6,250,54971.00
6,250,54919.00
6,250,54911.00
6,250,54902.00
6,250,54890.00
6,250,54913.00
6,250,54940.00
6,250,54950.00
6,250,54961.00
6,250,54936.00
6,250,54938.00
7,300,65898.00
7,300,65883.00
7,300,65834.00
7,300,65824.00
7,300,65836.00
7,300,65848.00
7,300,65863.00
7,300,65822.00
7,300,65802.00
7,300,65855.00
7,300,65896.00
7,300,65878.00
7,300,65832.00
7,300,65823.00
7,300,65829.00
7,300,65850.00
7,300,65861.00
7,300,65871.00
7,300,65876.00
7,300,65880.00
7,300,65861.00
7,300,65871.00
7,300,65833.00
7,300,65827.00
7,300,65839.00
7,300,65809.00
7,300,65802.00
7,300,65852.00
7,300,65879.00
7,300,65882.00
7,300,65880.00
7,300,65864.00
7,300,65871.00
7,300,65886.00
7,300,65851.00
7,300,65855.00
7,300,65833.00
7,300,65807.00
7,300,65854.00
7,300,65857.00
7,300,65828.00
7,300,65845.00
7,300,65861.00
7,300,65858.00
7,300,65848.00
7,300,65844.00
7,300,65869.00
7,300,65855.00
7,300,65859.00
7,300,65872.00
7,300,65900.00
7,300,65926.00
7,300,65901.00
7,300,65858.00
7,300,65860.00
7,300,65885.00
7,300,65892.00
7,300,65861.00
7,300,65854.00
7,300,65836.00
7,300,65816.00
7,300,65840.00
7,300,65867.00
7,300,65842.00
7,300,65886.00
7,300,65894.00
7,300,65880.00
7,300,65877.00
7,300,65896.00
7,300,65876.00
7,300,65869.00
7,300,65882.00
7,300,65865.00
7,300,65861.00
7,300,65834.00
7,300,65846.00
7,300,65840.00
7,300,65858.00
7,300,65876.00
7,300,65851.00
7,300,65833.00
7,300,65824.00
7,300,65859.00
7,300,65902.00
7,300,65864.00
7,300,65875.00
7,300,65864.00
7,300,65846.00
7,300,65829.00
7,300,65850.00
7,300,65903.00
7,300,65892.00
7,300,65888.00
7,300,65853.00
7,300,65877.00
7,300,65857.00
7,300,65825.00
7,300,65852.00
7,300,65870.00
7,300,65834.00
7,300,65847.00
7,300,65885.00
7,300,65877.00
7,300,65842.00
7,300,65846.00
7,300,65872.00
7,300,65850.00
7,300,65832.00
7,300,65814.00
7,300,65827.00
7,300,65806.00
7,300,65810.00
7,300,65817.00
7,300,65857.00
8,350,76848.00
8,350,76885.00
8,350,76857.00
8,350,76825.00
8,350,76839.00
8,350,76846.00
8,350,76839.00
8,350,76867.00
8,350,76883.00
8,350,76848.00
8,350,76815.00
8,350,76819.00
8,350,76865.00
8,350,76893.00
8,350,76852.00
8,350,76872.00
8,350,76877.00
8,350,76867.00
8,350,76868.00
8,350,76881.00
8,350,76878.00
8,350,76887.00
8,350,76901.00
8,350,76870.00
8,350,76880.00
8,350,76857.00
8,350,76831.00
8,350,76866.00
8,350,76858.00
8,350,76853.00
8,350,76865.00
8,350,76861.00
8,350,76825.00
8,350,76845.00
8,350,76868.00
8,350,76864.00
8,350,76840.00
8,350,76844.00
8,350,76882.00
8,350,76873.00
8,350,76872.00
8,350,76888.00
8,350,76905.00
8,350,76878.00
8,350,76875.00
8,350,76898.00
8,350,76894.00
8,350,76876.00
8,350,76857.00
8,350,76885.00
8,350,76872.00
8,350,76858.00
8,350,76865.00
8,350,76869.00
8,350,76890.00
8,350,76852.00
8,350,76866.00
8,350,76874.00
8,350,76831.00
8,350,76799.00
8,350,76842.00
8,350,76892.00
8,350,76894.00
8,350,76875.00
8,350,76881.00
8,350,76877.00
8,350,76851.00
8,350,76849.00
8,350,76888.00
8,350,76862.00
8,350,76826.00
8,350,76868.00
8,350,76861.00
8,350,76873.00
8,350,76856.00
8,350,76846.00
8,350,76868.00
8,350,76825.00
8,350,76814.00
8,350,76850.00
8,350,76862.00
8,350,76877.00
8,350,76856.00
8,350,76863.00
8,350,76868.00
8,350,76867.00
8,350,76841.00
8,350,76825.00
8,350,76872.00
8,350,76874.00
8,350,76889.00
8,350,76907.00
8,350,76884.00
8,350,76824.00
8,350,76839.00
8,350,76896.00
8,350,76895.00
8,350,76860.00
8,350,76855.00
8,350,76905.00
8,350,76894.00
8,350,76844.00
8,350,76843.00
8,350,76881.00
8,350,76874.00
8,350,76911.00
8,350,76901.00
8,350,76862.00
8,350,76833.00
8,350,76829.00
8,350,76871.00
8,350,76868.00
8,350,76839.00
8,350,76834.00
9,400,87965.00
9,400,87987.00
9,400,87944.00
9,400,87957.00
9,400,87958.00
9,400,87973.00
9,400,87981.00
9,400,87952.00
9,400,87961.00
9,400,87976.00
9,400,88006.00
9,400,87985.00
9,400,87969.00
9,400,87957.00
9,400,87934.00
9,400,87946.00
9,400,87953.00
9,400,87979.00
9,400,87986.00
9,400,87960.00
9,400,87947.00
9,400,87995.00
9,400,88001.00
9,400,87972.00
9,400,88003.00
9,400,87992.00
9,400,87967.00
9,400,87927.00
9,400,87926.00
9,400,87967.00
9,400,88007.00
9,400,87963.00
9,400,87951.00
9,400,87954.00
9,400,87997.00
9,400,88028.00
9,400,87990.00
9,400,87955.00
9,400,87920.00
9,400,87943.00
9,400,87951.00
9,400,87960.00
9,400,87965.00
9,400,87940.00
9,400,87909.00
9,400,87958.00
9,400,87973.00
9,400,87974.00
9,400,87959.00
9,400,87934.00
9,400,87935.00
9,400,87978.00
9,400,87977.00
9,400,87929.00
9,400,87951.00
9,400,87955.00
9,400,87966.00
9,400,87968.00
9,400,87945.00
9,400,87956.00
9,400,88017.00
9,400,87969.00
9,400,87977.00
9,400,87961.00
9,400,87927.00
9,400,87930.00
9,400,87976.00
9,400,87994.00
9,400,87989.00
9,400,87969.00
9,400,87942.00
9,400,87941.00
9,400,87960.00
9,400,87940.00
9,400,87944.00
9,400,87927.00
9,400,87944.00
9,400,87957.00
9,400,87977.00
9,400,87971.00
9,400,87975.00
9,400,87963.00
9,400,87990.00
9,400,88012.00
9,400,87997.00
9,400,87959.00
9,400,87942.00
9,400,87953.00
9,400,87970.00
9,400,87973.00
9,400,87984.00
9,400,87951.00
9,400,87973.00
9,400,87998.00
9,400,87943.00
9,400,87958.00
9,400,87990.00
9,400,87977.00
9,400,87985.00
9,400,87987.00
9,400,87950.00
9,400,87935.00
9,400,87941.00
9,400,87982.00
9,400,87973.00
9,400,87971.00
9,400,87970.00
9,400,87939.00
9,400,87931.00
9,400,87944.00
9,400,87938.00
9,400,87924.00
9,400,87935.00
9,400,87931.00
10,450,98967.00
10,450,98956.00
10,450,98967.00
10,450,98991.00
10,450,98989.00
10,450,98969.00
10,450,98934.00
10,450,98903.00
10,450,98931.00
10,450,98943.00
10,450,98949.00
10,450,98927.00
10,450,98955.00
10,450,98997.00
10,450,98964.00
10,450,98955.00
10,450,98955.00
10,450,98911.00
10,450,98971.00
10,450,98979.00
10,450,98922.00
10,450,98900.00
10,450,98908.00
10,450,98918.00
10,450,98930.00
10,450,98914.00
10,450,98962.00
10,450,98954.00
10,450,98944.00
10,450,98946.00
10,450,98927.00
10,450,98937.00
10,450,98955.00
10,450,98936.00
10,450,98939.00
10,450,98940.00
10,450,98959.00
10,450,98967.00
10,450,98956.00
10,450,98955.00
10,450,98942.00
10,450,98935.00
10,450,98912.00
10,450,98938.00
10,450,98976.00
10,450,98968.00
10,450,98949.00
10,450,98970.00
10,450,98987.00
10,450,98961.00
10,450,98953.00
10,450,98967.00
10,450,98935.00
10,450,98936.00
10,450,98959.00
10,450,98947.00
10,450,98954.00
10,450,98963.00
10,450,98948.00
10,450,98916.00
10,450,98932.00
10,450,98963.00
10,450,98950.00
10,450,98939.00
10,450,98935.00
10,450,98957.00
10,450,98980.00
10,450,98957.00
10,450,98960.00
10,450,98987.00
10,450,99003.00
10,450,99000.00
10,450,98979.00
10,450,98946.00
10,450,98962.00
10,450,98999.00
10,450,98978.00
10,450,98970.00
10,450,98975.00
10,450,98917.00
10,450,98948.00
10,450,98971.00
10,450,98960.00
10,450,98959.00
10,450,98959.00
10,450,98966.00
10,450,98984.00
10,450,98987.00
10,450,98929.00
10,450,98931.00
10,450,98941.00
10,450,98955.00
10,450,98943.00
10,450,98948.00
10,450,98982.00
10,450,98975.00
10,450,98930.00
10,450,98927.00
10,450,98925.00
10,450,98896.00
10,450,98897.00
10,450,98951.00
10,450,98965.00
10,450,98945.00
10,450,98964.00
10,450,98981.00
10,450,98958.00
10,450,98933.00
10,450,98906.00
10,450,98899.00
10,450,98915.00
10,450,98945.00
10,450,98995.00
10,450,99000.00
11,500,110266.00
11,500,110287.00
11,500,110294.00
11,500,110235.00
11,500,110233.00
11,500,110261.00
11,500,110254.00
11,500,110246.00
11,500,110304.00
11,500,110251.00
11,500,110242.00
11,500,110242.00
11,500,110217.00
11,500,110246.00
11,500,110292.00
11,500,110275.00
11,500,110282.00
11,500,110306.00
11,500,110311.00
11,500,110276.00
11,500,110257.00
11,500,110254.00
11,500,110290.00
11,500,110334.00
11,500,110336.00
11,500,110321.00
11,500,110319.00
11,500,110272.00
11,500,110287.00
11,500,110277.00
11,500,110287.00
11,500,110276.00
11,500,110308.00
11,500,110324.00
11,500,110296.00
11,500,110263.00
11,500,110301.00
11,500,110302.00
11,500,110287.00
11,500,110250.00
11,500,110247.00
11,500,110265.00
11,500,110266.00
11,500,110326.00
11,500,110331.00
11,500,110315.00
11,500,110289.00
11,500,110311.00
11,500,110275.00
11,500,110278.00
11,500,110324.00
11,500,110321.00
11,500,110283.00
11,500,110291.00
11,500,110287.00
11,500,110319.00
11,500,110303.00
11,500,110313.00
11,500,110279.00
11,500,110276.00
11,500,110270.00
11,500,110294.00
11,500,110307.00
11,500,110281.00
11,500,110280.00
11,500,110301.00
11,500,110305.00
11,500,110308.00
11,500,110311.00
11,500,110280.00
11,500,110303.00
11,500,110335.00
11,500,110274.00
11,500,110263.00
11,500,110294.00
11,500,110302.00
11,500,110311.00
11,500,110312.00
11,500,110303.00
11,500,110376.00
11,500,110383.00
11,500,110331.00
11,500,110287.00
11,500,110295.00
11,500,110312.00
11,500,110346.00
11,500,110376.00
11,500,110338.00
11,500,110355.00
11,500,110312.00
11,500,110276.00
11,500,110314.00
11,500,110304.00
11,500,110310.00
11,500,110300.00
11,500,110326.00
11,500,110334.00
11,500,110288.00
11,500,110316.00
11,500,110343.00
11,500,110343.00
11,500,110300.00
11,500,110291.00
11,500,110298.00
11,500,110300.00
11,500,110335.00
11,500,110351.00
11,500,110303.00
11,500,110293.00
11,500,110308.00
11,500,110287.00
11,500,110311.00
11,500,110291.00
11,500,110281.00
12,550,120786.00
12,550,120753.00
12,550,120729.00
12,550,120676.00
12,550,120698.00
12,550,120736.00
12,550,120718.00
12,550,120719.00
12,550,120752.00
12,550,120735.00
12,550,120712.00
12,550,120724.00
12,550,120712.00
12,550,120722.00
12,550,120729.00
12,550,120748.00
12,550,120741.00
12,550,120731.00
12,550,120732.00
12,550,120720.00
12,550,120712.00
12,550,120681.00
12,550,120695.00
12,550,120724.00
12,550,120671.00
12,550,120694.00
12,550,120709.00
12,550,120724.00
12,550,120748.00
12,550,120714.00
12,550,120687.00
12,550,120708.00
12,550,120740.00
12,550,120728.00
12,550,120705.00
12,550,120744.00
12,550,120718.00
12,550,120705.00
12,550,120709.00
12,550,120700.00
12,550,120707.00
12,550,120716.00
12,550,120764.00
12,550,120760.00
12,550,120707.00
12,550,120723.00
12,550,120744.00
12,550,120696.00
12,550,120700.00
12,550,120735.00
12,550,120707.00
12,550,120702.00
12,550,120706.00
12,550,120700.00
12,550,120721.00
12,550,120761.00
12,550,120737.00
12,550,120733.00
12,550,120743.00
12,550,120781.00
12,550,120793.00
12,550,120735.00
12,550,120728.00
12,550,120748.00
12,550,120729.00
12,550,120674.00
12,550,120681.00
12,550,120704.00
12,550,120732.00
12,550,120685.00
12,550,120675.00
12,550,120692.00
12,550,120688.00
12,550,120708.00
12,550,120710.00
12,550,120713.00
12,550,120728.00
12,550,120715.00
12,550,120725.00
12,550,120725.00
12,550,120709.00
12,550,120727.00
12,550,120749.00
12,550,120714.00
12,550,120688.00
12,550,120677.00
12,550,120713.00
12,550,120663.00
12,550,120651.00
12,550,120687.00
12,550,120709.00
12,550,120728.00
12,550,120755.00
12,550,120723.00
12,550,120661.00
12,550,120656.00
12,550,120673.00
12,550,120723.00
12,550,120765.00
12,550,120768.00
12,550,120747.00
12,550,120728.00
12,550,120748.00
12,550,120743.00
12,550,120752.00
12,550,120677.00
12,550,120686.00
12,550,120700.00
12,550,120721.00
12,550,120774.00
12,550,120748.00
12,550,120695.00
12,550,120668.00
12,550,120711.00
13,600,131662.00
13,600,131675.00
13,600,131679.00
13,600,131681.00
13,600,131693.00
13,600,131682.00
13,600,131682.00
13,600,131684.00
13,600,131653.00
13,600,131664.00
13,600,131684.00
13,600,131679.00
13,600,131678.00
13,600,131670.00
13,600,131673.00
13,600,131669.00
13,600,131648.00
13,600,131675.00
13,600,131665.00
13,600,131708.00
13,600,131703.00
13,600,131670.00
13,600,131670.00
13,600,131675.00
13,600,131684.00
13,600,131684.00
13,600,131660.00
13,600,131625.00
13,600,131676.00
13,600,131692.00
13,600,131691.00
13,600,131670.00
13,600,131661.00
13,600,131654.00
13,600,131638.00
13,600,131664.00
13,600,131686.00
13,600,131686.00
13,600,131706.00
13,600,131720.00
13,600,131694.00
13,600,131681.00
13,600,131685.00
13,600,131702.00
13,600,131677.00
13,600,131654.00
13,600,131613.00
13,600,131633.00
13,600,131702.00
13,600,131721.00
13,600,131694.00
13,600,131680.00
13,600,131675.00
13,600,131678.00
13,600,131685.00
13,600,131689.00
13,600,131666.00
13,600,131632.00
13,600,131665.00
13,600,131658.00
13,600,131654.00
13,600,131692.00
13,600,131721.00
13,600,131675.00
13,600,131684.00
13,600,131723.00
13,600,131760.00
13,600,131756.00
13,600,131658.00
13,600,131641.00
13,600,131713.00
13,600,131694.00
13,600,131676.00
13,600,131701.00
13,600,131688.00
13,600,131642.00
13,600,131652.00
13,600,131661.00
13,600,131657.00
13,600,131656.00
13,600,131667.00
13,600,131700.00
13,600,131690.00
13,600,131679.00
13,600,131700.00
13,600,131697.00
13,600,131708.00
13,600,131709.00
13,600,131637.00
13,600,131676.00
13,600,131678.00
13,600,131660.00
13,600,131653.00
13,600,131647.00
13,600,131619.00
13,600,131644.00
13,600,131677.00
13,600,131694.00
13,600,131690.00
13,600,131682.00
13,600,131721.00
13,600,131690.00
13,600,131667.00
13,600,131652.00
13,600,131707.00
13,600,131730.00
13,600,131701.00
13,600,131706.00
13,600,131697.00
13,600,131676.00
13,600,131713.00
13,600,131718.00
13,600,131715.00
13,600,131734.00
14,650,142665.00
14,650,142718.00
14,650,142693.00
14,650,142685.00
14,650,142691.00
14,650,142687.00
14,650,142658.00
14,650,142646.00
14,650,142667.00
14,650,142688.00
14,650,142691.00
14,650,142663.00
14,650,142677.00
14,650,142657.00
14,650,142712.00
14,650,142724.00
14,650,142687.00
14,650,142671.00
14,650,142664.00
14,650,142708.00
14,650,142661.00
14,650,142628.00
14,650,142667.00
14,650,142678.00
14,650,142666.00
14,650,142663.00
14,650,142665.00
14,650,142691.00
14,650,142698.00
14,650,142683.00
14,650,142689.00
14,650,142682.00
14,650,142672.00
14,650,142615.00
14,650,142647.00
14,650,142682.00
14,650,142653.00
14,650,142688.00
14,650,142708.00
14,650,142678.00
14,650,142637.00
14,650,142654.00
14,650,142669.00
14,650,142686.00
14,650,142722.00
14,650,142688.00
14,650,142666.00
14,650,142654.00
14,650,142701.00
14,650,142705.00
14,650,142711.00
14,650,142712.00
14,650,142721.00
14,650,142718.00
14,650,142684.00
14,650,142657.00
14,650,142651.00
14,650,142656.00
14,650,142661.00
14,650,142660.00
14,650,142646.00
14,650,142643.00
14,650,142692.00
14,650,142679.00
14,650,142650.00
14,650,142668.00
14,650,142667.00
14,650,142626.00
14,650,142643.00
14,650,142644.00
14,650,142701.00
14,650,142681.00
14,650,142673.00
14,650,142674.00
14,650,142650.00
14,650,142636.00
14,650,142641.00
14,650,142660.00
14,650,142645.00
14,650,142670.00
14,650,142716.00
14,650,142667.00
14,650,142668.00
14,650,142690.00
14,650,142659.00
14,650,142676.00
14,650,142683.00
14,650,142624.00
14,650,142641.00
14,650,142689.00
14,650,142706.00
14,650,142689.00
14,650,142651.00
14,650,142658.00
14,650,142703.00
14,650,142659.00
14,650,142671.00
14,650,142684.00
14,650,142703.00
14,650,142683.00
14,650,142668.00
14,650,142660.00
14,650,142690.00
14,650,142680.00
14,650,142702.00
14,650,142683.00
14,650,142635.00
14,650,142662.00
14,650,142702.00
14,650,142717.00
14,650,142656.00
14,650,142621.00
14,650,142646.00
14,650,142666.00
15,700,153784.00
15,700,153793.00
15,700,153798.00
15,700,153780.00
15,700,153801.00
15,700,153796.00
15,700,153782.00
15,700,153805.00
15,700,153812.00
15,700,153797.00
15,700,153770.00
15,700,153779.00
15,700,153786.00
15,700,153798.00
15,700,153817.00
15,700,153842.00
15,700,153839.00
15,700,153852.00
15,700,153841.00
15,700,153818.00
15,700,153779.00
15,700,153787.00
15,700,153803.00
15,700,153776.00
15,700,153771.00
15,700,153772.00
15,700,153764.00
15,700,153751.00
15,700,153764.00
15,700,153794.00
15,700,153829.00
15,700,153819.00
15,700,153797.00
15,700,153804.00
15,700,153789.00
15,700,153830.00
15,700,153840.00
15,700,153831.00
15,700,153800.00
15,700,153778.00
15,700,153792.00
15,700,153773.00
15,700,153811.00
15,700,153866.00
15,700,153870.00
15,700,153832.00
15,700,153789.00
15,700,153823.00
15,700,153847.00
15,700,153829.00
15,700,153840.00
15,700,153842.00
15,700,153831.00
15,700,153788.00
15,700,153770.00
15,700,153798.00
15,700,153813.00
15,700,153828.00
15,700,153811.00
15,700,153797.00
15,700,153810.00
15,700,153827.00
15,700,153777.00
15,700,153764.00
15,700,153787.00
15,700,153790.00
15,700,153791.00
15,700,153784.00
15,700,153792.00
15,700,153781.00
15,700,153784.00
15,700,153762.00
15,700,153763.00
15,700,153744.00
15,700,153734.00
15,700,153754.00
15,700,153757.00
15,700,153779.00
15,700,153775.00
15,700,153782.00
15,700,153794.00
15,700,153749.00
15,700,153758.00
15,700,153738.00
15,700,153760.00
15,700,153775.00
15,700,153775.00
15,700,153780.00
15,700,153801.00
15,700,153805.00
15,700,153802.00
15,700,153770.00
15,700,153778.00
15,700,153815.00
15,700,153806.00
15,700,153824.00
15,700,153834.00
15,700,153787.00
15,700,153759.00
15,700,153772.00
15,700,153802.00
15,700,153814.00
15,700,153775.00
15,700,153806.00
15,700,153804.00
15,700,153790.00
15,700,153758.00
15,700,153783.00
15,700,153785.00
15,700,153784.00
15,700,153805.00
15,700,153820.00
15,700,153793.00
15,700,153806.00
16,750,164770.00
16,750,164705.00
16,750,164836.00
16,750,164843.00
16,750,164773.00
16,750,164723.00
16,750,164833.00
16,750,164821.00
16,750,164728.00
16,750,164792.00
16,750,164870.00
16,750,164824.00
16,750,164739.00
16,750,164828.00
16,750,164867.00
16,750,164772.00
16,750,164712.00
16,750,164795.00
16,750,164797.00
16,750,164736.00
16,750,164775.00
16,750,164846.00
16,750,164764.00
16,750,164684.00
16,750,164742.00
16,750,164836.00
16,750,164842.00
16,750,164820.00
16,750,164875.00
16,750,164832.00
16,750,164680.00
16,750,164732.00
16,750,164883.00
16,750,164794.00
16,750,164718.00
16,750,164822.00
16,750,164850.00
16,750,164695.00
16,750,164709.00
16,750,164882.00
16,750,164871.00
16,750,164767.00
16,750,164812.00
16,750,164871.00
16,750,164765.00
16,750,164734.00
16,750,164817.00
16,750,164866.00
16,750,164741.00
16,750,164746.00
16,750,164875.00
16,750,164834.00
16,750,164734.00
16,750,164802.00
16,750,164874.00
16,750,164805.00
16,750,164768.00
16,750,164819.00
16,750,164826.00
16,750,164727.00
16,750,164719.00
16,750,164822.00
16,750,164790.00
16,750,164750.00
16,750,164815.00
16,750,164821.00
16,750,164706.00
16,750,164672.00
16,750,164764.00
16,750,164755.00
16,750,164720.00
16,750,164769.00
16,750,164769.00
16,750,164715.00
16,750,164668.00
16,750,164754.00
16,750,164848.00
16,750,164795.00
16,750,164781.00
16,750,164789.00
16,750,164715.00
16,750,164665.00
16,750,164749.00
16,750,164838.00
16,750,164830.00
16,750,164762.00
16,750,164761.00
16,750,164789.00
16,750,164763.00
16,750,164756.00
16,750,164808.00
16,750,164795.00
16,750,164733.00
16,750,164748.00
16,750,164826.00
16,750,164811.00
16,750,164741.00
16,750,164780.00
16,750,164828.00
16,750,164801.00
16,750,164751.00
16,750,164804.00
16,750,164816.00
16,750,164742.00
16,750,164738.00
16,750,164775.00
16,750,164775.00
16,750,164773.00
16,750,164835.00
16,750,164817.00
16,750,164736.00
16,750,164704.00
16,750,164792.00
16,750,164846.00
17,750,164765.00
17,750,164778.00
17,750,164781.00
17,750,164744.00
17,750,164764.00
17,750,164788.00
17,750,164830.00
17,750,164766.00
17,750,164737.00
17,750,164758.00
17,750,164770.00
17,750,164794.00
17,750,164799.00
17,750,164802.00
17,750,164808.00
17,750,164790.00
17,750,164810.00
17,750,164764.00
17,750,164761.00
17,750,164771.00
17,750,164803.00
17,750,164791.00
17,750,164808.00
17,750,164786.00
17,750,164795.00
17,750,164793.00
17,750,164790.00
17,750,164808.00
17,750,164816.00
17,750,164796.00
17,750,164721.00
17,750,164739.00
17,750,164780.00
17,750,164747.00
17,750,164778.00
17,750,164789.00
17,750,164784.00
17,750,164772.00
17,750,164788.00
17,750,164807.00
17,750,164792.00
17,750,164783.00
17,750,164789.00
17,750,164794.00
17,750,164755.00
17,750,164780.00
17,750,164786.00
17,750,164785.00
17,750,164790.00
17,750,164774.00
17,750,164763.00
17,750,164745.00
17,750,164779.00
17,750,164823.00
17,750,164813.00
17,750,164759.00
17,750,164731.00
17,750,164769.00
17,750,164776.00
17,750,164792.00
17,750,164830.00
17,750,164823.00
17,750,164851.00
17,750,164841.00
17,750,164795.00
17,750,164815.00
17,750,164817.00
17,750,164783.00
17,750,164752.00
17,750,164740.00
17,750,164762.00
17,750,164783.00
17,750,164789.00
17,750,164790.00
17,750,164770.00
17,750,164785.00
17,750,164785.00
17,750,164782.00
17,750,164766.00
17,750,164793.00
17,750,164786.00
17,750,164773.00
17,750,164755.00
17,750,164751.00
17,750,164751.00
17,750,164768.00
17,750,164710.00
17,750,164714.00
17,750,164765.00
17,750,164767.00
17,750,164746.00
17,750,164717.00
17,750,164702.00
17,750,164739.00
17,750,164744.00
17,750,164746.00
17,750,164768.00
17,750,164763.00
17,750,164776.00
17,750,164791.00
17,750,164795.00
17,750,164801.00
17,750,164767.00
17,750,164778.00
17,750,164748.00
17,750,164766.00
17,750,164784.00
17,750,164801.00
17,750,164813.00
17,750,164798.00
17,750,164744.00
17,750,164747.00
17,750,164734.00
17,750,164753.00
18,800,175731.00
18,800,175704.00
18,800,175702.00
18,800,175726.00
18,800,175701.00
18,800,175665.00
18,800,175682.00
18,800,175706.00
18,800,175730.00
18,800,175708.00
18,800,175724.00
18,800,175749.00
18,800,175751.00
18,800,175696.00
18,800,175686.00
18,800,175689.00
18,800,175711.00
18,800,175784.00
18,800,175772.00
18,800,175732.00
18,800,175712.00
18,800,175720.00
18,800,175718.00
18,800,175684.00
18,800,175695.00
18,800,175690.00
18,800,175678.00
18,800,175700.00
18,800,175717.00
18,800,175726.00
18,800,175741.00
18,800,175746.00
18,800,175728.00
18,800,175721.00
18,800,175739.00
18,800,175776.00
18,800,175748.00
18,800,175711.00
18,800,175708.00
18,800,175696.00
18,800,175678.00
18,800,175698.00
18,800,175720.00
18,800,175719.00
18,800,175718.00
18,800,175696.00
18,800,175680.00
18,800,175690.00
18,800,175736.00
18,800,175761.00
18,800,175738.00
18,800,175707.00
18,800,175738.00
18,800,175757.00
18,800,175676.00
18,800,175693.00
18,800,175734.00
18,800,175719.00
18,800,175704.00
18,800,175714.00
18,800,175705.00
18,800,175726.00
18,800,175734.00
18,800,175746.00
18,800,175714.00
18,800,175702.00
18,800,175721.00
18,800,175726.00
18,800,175677.00
18,800,175672.00
18,800,175721.00
18,800,175735.00
18,800,175729.00
18,800,175731.00
18,800,175700.00
18,800,175708.00
18,800,175714.00
18,800,175704.00
18,800,175705.00
18,800,175719.00
18,800,175707.00
18,800,175693.00
18,800,175688.00
18,800,175687.00
18,800,175697.00
18,800,175719.00
18,800,175702.00
18,800,175678.00
18,800,175674.00
18,800,175653.00
18,800,175678.00
18,800,175707.00
18,800,175724.00
18,800,175742.00
18,800,175735.00
18,800,175726.00
18,800,175695.00
18,800,175693.00
18,800,175711.00
18,800,175688.00
18,800,175665.00
18,800,175698.00
18,800,175722.00
18,800,175712.00
18,800,175718.00
18,800,175724.00
18,800,175698.00
18,800,175678.00
18,800,175705.00
18,800,175728.00
18,800,175709.00
18,800,175707.00
18,800,175693.00
18,800,175677.00
19,850,186630.00
19,850,186669.00
19,850,186680.00
19,850,186692.00
19,850,186659.00
19,850,186683.00
19,850,186705.00
19,850,186686.00
19,850,186677.00
19,850,186692.00
19,850,186651.00
19,850,186696.00
19,850,186740.00
19,850,186718.00
19,850,186685.00
19,850,186683.00
19,850,186692.00
19,850,186723.00
19,850,186708.00
19,850,186670.00
19,850,186652.00
19,850,186647.00
19,850,186663.00
19,850,186676.00
19,850,186696.00
19,850,186684.00
19,850,186685.00
19,850,186679.00
19,850,186703.00
19,850,186727.00
19,850,186692.00
19,850,186654.00
19,850,186628.00
19,850,186670.00
19,850,186719.00
19,850,186704.00
19,850,186673.00
19,850,186695.00
19,850,186692.00
19,850,186667.00
19,850,186665.00
19,850,186680.00
19,850,186685.00
19,850,186715.00
19,850,186693.00
19,850,186672.00
19,850,186680.00
19,850,186675.00
19,850,186672.00
19,850,186696.00
19,850,186687.00
19,850,186659.00
19,850,186646.00
19,850,186662.00
19,850,186704.00
19,850,186718.00
19,850,186724.00
19,850,186720.00
19,850,186664.00
19,850,186656.00
19,850,186660.00
19,850,186652.00
19,850,186697.00
19,850,186715.00
19,850,186677.00
19,850,186639.00
19,850,186654.00
19,850,186646.00
19,850,186650.00
19,850,186662.00
19,850,186668.00
19,850,186690.00
19,850,186679.00
19,850,186674.00
19,850,186646.00
19,850,186628.00
19,850,186648.00
19,850,186643.00
19,850,186639.00
19,850,186645.00
19,850,186686.00
19,850,186662.00
19,850,186639.00
19,850,186667.00
19,850,186698.00
19,850,186709.00
19,850,186667.00
19,850,186654.00
19,850,186664.00
19,850,186657.00
19,850,186702.00
19,850,186717.00
19,850,186714.00
19,850,186699.00
19,850,186688.00
19,850,186679.00
19,850,186661.00
19,850,186688.00
19,850,186689.00
19,850,186687.00
19,850,186663.00
19,850,186647.00
19,850,186677.00
19,850,186653.00
19,850,186645.00
19,850,186673.00
19,850,186649.00
19,850,186631.00
19,850,186679.00
19,850,186680.00
19,850,186671.00
19,850,186685.00
19,850,186692.00
19,850,186660.00
20,900,197766.00
20,900,197788.00
20,900,197793.00
20,900,197750.00
20,900,197758.00
20,900,197752.00
20,900,197714.00
20,900,197735.00
20,900,197743.00
20,900,197699.00
20,900,197677.00
20,900,197735.00
20,900,197714.00
20,900,197700.00
20,900,197724.00
20,900,197715.00
20,900,197701.00
20,900,197746.00
20,900,197774.00
20,900,197781.00
20,900,197721.00
20,900,197683.00
20,900,197744.00
20,900,197760.00
20,900,197724.00
20,900,197755.00
20,900,197711.00
20,900,197695.00
20,900,197712.00
20,900,197722.00
20,900,197742.00
20,900,197728.00
20,900,197757.00
20,900,197740.00
20,900,197752.00
20,900,197729.00
20,900,197775.00
20,900,197768.00
20,900,197737.00
20,900,197741.00
20,900,197738.00
20,900,197707.00
20,900,197777.00
20,900,197751.00
20,900,197734.00
20,900,197759.00
20,900,197742.00
20,900,197726.00
20,900,197707.00
20,900,197694.00
20,900,197702.00
20,900,197690.00
20,900,197695.00
20,900,197718.00
20,900,197734.00
20,900,197715.00
20,900,197723.00
20,900,197726.00
20,900,197734.00
20,900,197740.00
20,900,197751.00
20,900,197743.00
20,900,197719.00
20,900,197723.00
20,900,197728.00
20,900,197673.00
20,900,197730.00
20,900,197781.00
20,900,197761.00
20,900,197755.00
20,900,197729.00
20,900,197705.00
20,900,197753.00
20,900,197746.00
20,900,197752.00
20,900,197760.00
20,900,197720.00
20,900,197696.00
20,900,197728.00
20,900,197743.00
20,900,197767.00
20,900,197788.00
20,900,197773.00
20,900,197734.00
20,900,197728.00
20,900,197746.00
20,900,197730.00
20,900,197725.00
20,900,197750.00
20,900,197788.00
20,900,197793.00
20,900,197726.00
20,900,197696.00
20,900,197714.00
20,900,197741.00
20,900,197721.00
20,900,197711.00
20,900,197750.00
20,900,197741.00
20,900,197746.00
20,900,197716.00
20,900,197745.00
20,900,197796.00
20,900,197745.00
20,900,197762.00
20,900,197760.00
20,900,197719.00
20,900,197680.00
20,900,197702.00
20,900,197757.00
20,900,197749.00
20,900,197710.00
20,900,197712.00
20,900,197760.00
21,950,219659.00
21,950,219628.00
21,950,219643.00
21,950,219687.00
21,950,219694.00
21,950,219642.00
21,950,219639.00
21,950,219616.00
21,950,219597.00
21,950,219604.00
21,950,219614.00
21,950,219652.00
21,950,219620.00
21,950,219612.00
21,950,219594.00
21,950,219565.00
21,950,219644.00
21,950,219685.00
21,950,219632.00
21,950,219657.00
21,950,219669.00
21,950,219646.00
21,950,219595.00
21,950,219628.00
21,950,219655.00
21,950,219635.00
21,950,219691.00
21,950,219679.00
21,950,219605.00
21,950,219558.00
21,950,219606.00
21,950,219617.00
21,950,219604.00
21,950,219617.00
21,950,219606.00
21,950,219625.00
21,950,219608.00
21,950,219587.00
21,950,219617.00
21,950,219619.00
21,950,219594.00
21,950,219646.00
21,950,219632.00
21,950,219647.00
21,950,219630.00
21,950,219632.00
21,950,219622.00
21,950,219599.00
21,950,219617.00
21,950,219662.00
21,950,219630.00
21,950,219616.00
21,950,219610.00
21,950,219608.00
21,950,219592.00
21,950,219610.00
21,950,219620.00
21,950,219639.00
21,950,219630.00
21,950,219665.00
21,950,219609.00
21,950,219598.00
21,950,219586.00
21,950,219598.00
21,950,219673.00
21,950,219672.00
21,950,219648.00
21,950,219649.00
21,950,219636.00
21,950,219625.00
21,950,219650.00
21,950,219636.00
21,950,219639.00
21,950,219647.00
21,950,219676.00
21,950,219679.00
21,950,219653.00
21,950,219634.00
21,950,219644.00
21,950,219637.00
21,950,219647.00
21,950,219661.00
21,950,219681.00
21,950,219639.00
21,950,219602.00
21,950,219603.00
21,950,219630.00
21,950,219640.00
21,950,219611.00
21,950,219627.00
21,950,219611.00
21,950,219557.00
21,950,219604.00
21,950,219623.00
21,950,219629.00
21,950,219643.00
21,950,219648.00
21,950,219651.00
21,950,219598.00
21,950,219588.00
21,950,219583.00
21,950,219552.00
21,950,219621.00
21,950,219679.00
21,950,219628.00
21,950,219639.00
21,950,219625.00
21,950,219605.00
21,950,219600.00
21,950,219635.00
21,950,219594.00
21,950,219623.00
21,950,219705.00
21,950,219647.00
22,1050,230264.00
22,1050,230293.00
22,1050,230207.00
22,1050,230213.00
22,1050,230252.00
22,1050,230243.00
22,1050,230231.00
22,1050,230241.00
22,1050,230235.00
22,1050,230225.00
22,1050,230237.00
22,1050,230246.00
22,1050,230258.00
22,1050,230198.00
22,1050,230226.00
22,1050,230271.00
22,1050,230289.00
22,1050,230258.00
22,1050,230263.00
22,1050,230273.00
22,1050,230246.00
22,1050,230202.00
22,1050,230273.00
22,1050,230272.00
22,1050,230207.00
22,1050,230226.00
22,1050,230230.00
22,1050,230189.00
22,1050,230190.00
22,1050,230267.00
22,1050,230266.00
22,1050,230232.00
22,1050,230284.00
22,1050,230286.00
22,1050,230223.00
22,1050,230187.00
22,1050,230224.00
22,1050,230218.00
22,1050,230214.00
22,1050,230256.00
22,1050,230241.00
22,1050,230217.00
22,1050,230206.00
22,1050,230275.00
22,1050,230290.00
22,1050,230258.00
22,1050,230245.00
22,1050,230225.00
22,1050,230232.00
22,1050,230176.00
22,1050,230239.00
22,1050,230276.00
22,1050,230196.00
22,1050,230202.00
22,1050,230247.00
22,1050,230198.00
22,1050,230167.00
22,1050,230207.00
22,1050,230179.00
22,1050,230208.00
22,1050,230198.00
22,1050,230237.00
22,1050,230219.00
22,1050,230192.00
22,1050,230191.00
22,1050,230220.00
22,1050,230233.00
22,1050,230219.00
22,1050,230258.00
22,1050,230242.00
22,1050,230186.00
22,1050,230212.00
22,1050,230254.00
22,1050,230224.00
22,1050,230217.00
22,1050,230224.00
22,1050,230247.00
22,1050,230241.00
22,1050,230217.00
22,1050,230211.00
22,1050,230248.00
22,1050,230251.00
22,1050,230265.00
22,1050,230271.00
22,1050,230213.00
22,1050,230212.00
22,1050,230243.00
22,1050,230264.00
22,1050,230274.00
22,1050,230268.00
22,1050,230217.00
22,1050,230207.00
22,1050,230207.00
22,1050,230231.00
22,1050,230227.00
22,1050,230237.00
22,1050,230246.00
22,1050,230233.00
22,1050,230182.00
22,1050,230221.00
22,1050,230242.00
22,1050,230218.00
22,1050,230203.00
22,1050,230227.00
22,1050,230191.00
22,1050,230186.00
22,1050,230189.00
22,1050,230241.00
22,1050,230268.00
22,1050,230220.00
22,1050,230235.00
22,1050,230268.00
22,1050,230226.00
22,1050,230229.00
23,1100,241177.00
23,1100,241190.00
23,1100,241192.00
23,1100,241232.00
23,1100,241210.00
23,1100,241208.00
23,1100,241240.00
23,1100,241223.00
23,1100,241180.00
23,1100,241188.00
23,1100,241229.00
23,1100,241201.00
23,1100,241195.00
23,1100,241185.00
23,1100,241193.00
23,1100,241215.00
23,1100,241230.00
23,1100,241195.00
23,1100,241166.00
23,1100,241198.00
23,1100,241206.00
23,1100,241193.00
23,1100,241170.00
23,1100,241174.00
23,1100,241231.00
23,1100,241240.00
23,1100,241211.00
23,1100,241188.00
23,1100,241168.00
23,1100,241176.00
23,1100,241190.00
23,1100,241176.00
23,1100,241187.00
23,1100,241209.00
23,1100,241203.00
23,1100,241185.00
23,1100,241164.00
23,1100,241192.00
23,1100,241214.00
23,1100,241175.00
23,1100,241147.00
23,1100,241172.00
23,1100,241161.00
23,1100,241182.00
23,1100,241173.00
23,1100,241124.00
23,1100,241147.00
23,1100,241194.00
23,1100,241196.00
23,1100,241193.00
23,1100,241164.00
23,1100,241178.00
23,1100,241171.00
23,1100,241134.00
23,1100,241165.00
23,1100,241165.00
23,1100,241153.00
23,1100,241144.00
23,1100,241160.00
23,1100,241144.00
23,1100,241208.00
23,1100,241184.00
23,1100,241172.00
23,1100,241154.00
23,1100,241175.00
23,1100,241202.00
23,1100,241182.00
23,1100,241128.00
23,1100,241136.00
23,1100,241184.00
23,1100,241187.00
23,1100,241204.00
23,1100,241151.00
23,1100,241173.00
23,1100,241197.00
23,1100,241175.00
23,1100,241170.00
23,1100,241174.00
23,1100,241215.00
23,1100,241199.00
23,1100,241160.00
23,1100,241174.00
23,1100,241181.00
23,1100,241186.00
23,1100,241234.00
23,1100,241226.00
23,1100,241149.00
23,1100,241160.00
23,1100,241194.00
23,1100,241178.00
23,1100,241157.00
23,1100,241181.00
23,1100,241177.00
23,1100,241177.00
23,1100,241194.00
23,1100,241200.00
23,1100,241183.00
23,1100,241213.00
23,1100,241187.00
23,1100,241183.00
23,1100,241157.00
23,1100,241164.00
23,1100,241171.00
23,1100,241169.00
23,1100,241185.00
23,1100,241180.00
23,1100,241154.00
23,1100,241188.00
23,1100,241173.00
23,1100,241159.00
23,1100,241167.00
23,1100,241193.00
23,1100,241193.00
23,1100,241181.00
24,1200,263167.00
24,1200,263204.00
24,1200,263194.00
24,1200,263209.00
24,1200,263198.00
24,1200,263175.00
24,1200,263192.00
24,1200,263183.00
24,1200,263158.00
24,1200,263120.00
24,1200,263184.00
24,1200,263236.00
24,1200,263164.00
24,1200,263140.00
24,1200,263176.00
24,1200,263203.00
24,1200,263168.00
24,1200,263135.00
24,1200,263162.00
24,1200,263139.00
24,1200,263137.00
24,1200,263176.00
24,1200,263216.00
24,1200,263209.00
24,1200,263188.00
24,1200,263182.00
24,1200,263152.00
24,1200,263196.00
24,1200,263167.00
24,1200,263154.00
24,1200,263168.00
24,1200,263162.00
24,1200,263181.00
24,1200,263156.00
24,1200,263183.00
24,1200,263212.00
24,1200,263182.00
24,1200,263157.00
24,1200,263194.00
24,1200,263192.00
24,1200,263169.00
24,1200,263160.00
24,1200,263182.00
24,1200,263169.00
24,1200,263149.00
24,1200,263146.00
24,1200,263180.00
24,1200,263175.00
24,1200,263166.00
24,1200,263169.00
24,1200,263175.00
24,1200,263154.00
24,1200,263154.00
24,1200,263176.00
24,1200,263172.00
24,1200,263193.00
24,1200,263202.00
24,1200,263167.00
24,1200,263168.00
24,1200,263204.00
24,1200,263143.00
24,1200,263153.00
24,1200,263154.00
24,1200,263141.00
24,1200,263168.00
24,1200,263180.00
24,1200,263188.00
24,1200,263187.00
24,1200,263185.00
24,1200,263177.00
24,1200,263135.00
24,1200,263155.00
24,1200,263189.00
24,1200,263152.00
24,1200,263161.00
24,1200,263158.00
24,1200,263144.00
24,1200,263169.00
24,1200,263179.00
24,1200,263185.00
24,1200,263167.00
24,1200,263146.00
24,1200,263173.00
24,1200,263178.00
24,1200,263165.00
24,1200,263131.00
24,1200,263131.00
24,1200,263143.00
24,1200,263214.00
24,1200,263186.00
24,1200,263178.00
24,1200,263152.00
24,1200,263176.00
24,1200,263219.00
24,1200,263213.00
24,1200,263187.00
24,1200,263124.00
24,1200,263153.00
24,1200,263168.00
24,1200,263169.00
24,1200,263164.00
24,1200,263175.00
24,1200,263178.00
24,1200,263153.00
24,1200,263182.00
24,1200,263193.00
24,1200,263220.00
24,1200,263205.00
24,1200,263145.00
24,1200,263144.00
24,1200,263178.00
24,1200,263135.00
24,1200,263109.00
24,1200,263140.00
25,1250,274182.00
25,1250,274146.00
25,1250,274138.00
25,1250,274173.00
25,1250,274161.00
25,1250,274120.00
25,1250,274172.00
25,1250,274206.00
25,1250,274173.00
25,1250,274202.00
25,1250,274223.00
25,1250,274189.00
25,1250,274190.00
25,1250,274170.00
25,1250,274148.00
25,1250,274152.00
25,1250,274171.00
25,1250,274182.00
25,1250,274169.00
25,1250,274129.00
25,1250,274146.00
25,1250,274161.00
25,1250,274183.00
25,1250,274207.00
25,1250,274155.00
25,1250,274142.00
25,1250,274170.00
25,1250,274212.00
25,1250,274194.00
25,1250,274173.00
25,1250,274179.00
25,1250,274126.00
25,1250,274122.00
25,1250,274144.00
25,1250,274134.00
25,1250,274185.00
25,1250,274239.00
25,1250,274173.00
25,1250,274134.00
25,1250,274137.00
25,1250,274157.00
25,1250,274188.00
25,1250,274194.00
25,1250,274177.00
25,1250,274162.00
25,1250,274139.00
25,1250,274144.00
25,1250,274204.00
25,1250,274226.00
25,1250,274200.00
25,1250,274167.00
25,1250,274167.00
25,1250,274144.00
25,1250,274131.00
25,1250,274140.00
25,1250,274184.00
25,1250,274184.00
25,1250,274141.00
25,1250,274125.00
25,1250,274149.00
25,1250,274136.00
25,1250,274127.00
25,1250,274240.00
25,1250,274218.00
25,1250,274148.00
25,1250,274155.00
25,1250,274190.00
25,1250,274216.00
25,1250,274195.00
25,1250,274136.00
25,1250,274132.00
25,1250,274122.00
25,1250,274141.00
25,1250,274168.00
25,1250,274188.00
25,1250,274175.00
25,1250,274154.00
25,1250,274174.00
25,1250,274160.00
25,1250,274151.00
25,1250,274197.00
25,1250,274185.00
25,1250,274164.00
25,1250,274133.00
25,1250,274158.00
25,1250,274197.00
25,1250,274158.00
25,1250,274189.00
25,1250,274212.00
25,1250,274168.00
25,1250,274117.00
25,1250,274128.00
25,1250,274136.00
25,1250,274173.00
25,1250,274172.00
25,1250,274162.00
25,1250,274142.00
25,1250,274114.00
25,1250,274116.00
25,1250,274108.00
25,1250,274100.00
25,1250,274138.00
25,1250,274178.00
25,1250,274191.00
25,1250,274175.00
25,1250,274150.00
25,1250,274169.00
25,1250,274209.00
25,1250,274195.00
25,1250,274181.00
25,1250,274171.00
25,1250,274127.00
25,1250,274084.00
25,1250,274145.00
26,1300,285109.00
26,1300,285052.00
26,1300,285035.00
26,1300,285063.00
26,1300,285072.00
26,1300,285093.00
26,1300,285127.00
26,1300,285098.00
26,1300,285059.00
26,1300,285036.00
26,1300,285066.00
26,1300,285080.00
26,1300,285076.00
26,1300,285064.00
26,1300,285074.00
26,1300,285038.00
26,1300,285075.00
26,1300,285059.00
26,1300,285042.00
26,1300,285030.00
26,1300,285050.00
26,1300,285106.00
26,1300,285129.00
26,1300,285105.00
26,1300,285060.00
26,1300,285033.00
26,1300,285043.00
26,1300,285119.00
26,1300,285110.00
26,1300,285076.00
26,1300,285088.00
26,1300,285093.00
26,1300,285071.00
26,1300,285051.00
26,1300,285019.00
26,1300,285018.00
26,1300,285040.00
26,1300,285079.00
26,1300,285063.00
26,1300,285072.00
26,1300,285082.00
26,1300,285072.00
26,1300,285042.00
26,1300,285048.00
26,1300,285086.00
26,1300,285103.00
26,1300,285078.00
26,1300,285076.00
26,1300,285053.00
26,1300,285005.00
26,1300,285018.00
26,1300,285029.00
26,1300,285045.00
26,1300,285054.00
26,1300,285087.00
26,1300,285087.00
26,1300,285066.00
26,1300,285039.00
26,1300,285025.00
26,1300,285044.00
26,1300,285080.00
26,1300,285063.00
26,1300,285085.00
26,1300,285093.00
26,1300,285059.00
26,1300,285099.00
26,1300,285080.00
26,1300,285036.00
26,1300,285054.00
26,1300,285082.00
26,1300,285082.00
26,1300,285088.00
26,1300,285070.00
26,1300,285060.00
26,1300,285069.00
26,1300,285064.00
26,1300,285033.00
26,1300,285059.00
26,1300,285045.00
26,1300,285086.00
26,1300,285066.00
26,1300,285018.00
26,1300,285025.00
26,1300,285044.00
26,1300,285071.00
26,1300,285064.00
26,1300,285032.00
26,1300,285065.00
26,1300,285082.00
26,1300,285065.00
26,1300,285031.00
26,1300,285044.00
26,1300,285070.00
26,1300,285091.00
26,1300,285090.00
26,1300,285084.00
26,1300,285034.00
26,1300,285007.00
26,1300,285009.00
26,1300,285031.00
26,1300,285034.00
26,1300,285028.00
26,1300,285077.00
26,1300,285076.00
26,1300,285009.00
26,1300,285017.00
26,1300,285040.00
26,1300,285050.00
26,1300,285117.00
26,1300,285085.00
26,1300,285027.00
26,1300,285020.00
26,1300,285043.00
26,1300,285055.00
27,1400,307133.00
27,1400,307099.00
27,1400,307098.00
27,1400,307134.00
27,1400,307138.00
27,1400,307141.00
27,1400,307098.00
27,1400,307099.00
27,1400,307099.00
27,1400,307098.00
27,1400,307110.00
27,1400,307118.00
27,1400,307136.00
27,1400,307151.00
27,1400,307150.00
27,1400,307122.00
27,1400,307096.00
27,1400,307103.00
27,1400,307116.00
27,1400,307123.00
27,1400,307110.00
27,1400,307107.00
27,1400,307119.00
27,1400,307104.00
27,1400,307061.00
27,1400,307028.00
27,1400,307072.00
27,1400,307109.00
27,1400,307138.00
27,1400,307136.00
27,1400,307130.00
27,1400,307115.00
27,1400,307112.00
27,1400,307098.00
27,1400,307107.00
27,1400,307102.00
27,1400,307115.00
27,1400,307091.00
27,1400,307093.00
27,1400,307115.00
27,1400,307113.00
27,1400,307092.00
27,1400,307117.00
27,1400,307076.00
27,1400,307079.00
27,1400,307105.00
27,1400,307100.00
27,1400,307097.00
27,1400,307102.00
27,1400,307100.00
27,1400,307090.00
27,1400,307108.00
27,1400,307091.00
27,1400,307111.00
27,1400,307096.00
27,1400,307115.00
27,1400,307126.00
27,1400,307138.00
27,1400,307104.00
27,1400,307096.00
27,1400,307117.00
27,1400,307109.00
27,1400,307122.00
27,1400,307115.00
27,1400,307096.00
27,1400,307149.00
27,1400,307096.00
27,1400,307070.00
27,1400,307102.00
27,1400,307112.00
27,1400,307110.00
27,1400,307063.00
27,1400,307034.00
27,1400,307092.00
27,1400,307139.00
27,1400,307087.00
27,1400,307064.00
27,1400,307075.00
27,1400,307082.00
27,1400,307122.00
27,1400,307136.00
27,1400,307095.00
27,1400,307089.00
27,1400,307096.00
27,1400,307100.00
27,1400,307091.00
27,1400,307115.00
27,1400,307115.00
27,1400,307119.00
27,1400,307128.00
27,1400,307085.00
27,1400,307069.00
27,1400,307089.00
27,1400,307098.00
27,1400,307137.00
27,1400,307145.00
27,1400,307106.00
27,1400,307065.00
27,1400,307081.00
27,1400,307126.00
27,1400,307154.00
27,1400,307121.00
27,1400,307133.00
27,1400,307154.00
27,1400,307153.00
27,1400,307118.00
27,1400,307106.00
27,1400,307094.00
27,1400,307098.00
27,1400,307122.00
27,1400,307144.00
27,1400,307133.00
27,1400,307094.00
27,1400,307086.00
28,1450,318085.00
28,1450,318071.00
28,1450,318084.00
28,1450,318070.00
28,1450,318049.00
28,1450,318085.00
28,1450,318096.00
28,1450,318110.00
28,1450,318099.00
28,1450,318080.00
28,1450,318070.00
28,1450,318034.00
28,1450,318064.00
28,1450,318093.00
28,1450,318114.00
28,1450,318121.00
28,1450,318118.00
28,1450,318117.00
28,1450,318077.00
28,1450,318074.00
28,1450,318082.00
28,1450,318014.00
28,1450,318094.00
28,1450,318133.00
28,1450,318125.00
28,1450,318093.00
28,1450,318080.00
28,1450,318075.00
28,1450,318058.00
28,1450,318084.00
28,1450,318051.00
28,1450,318086.00
28,1450,318122.00
28,1450,318096.00
28,1450,318105.00
28,1450,318077.00
28,1450,318089.00
28,1450,318110.00
28,1450,318085.00
28,1450,318123.00
28,1450,318100.00
28,1450,318092.00
28,1450,318052.00
28,1450,318048.00
28,1450,318074.00
28,1450,318075.00
28,1450,318091.00
28,1450,318084.00
28,1450,318068.00
28,1450,318066.00
28,1450,318066.00
28,1450,318037.00
28,1450,318026.00
28,1450,318088.00
28,1450,318129.00
28,1450,318128.00
28,1450,318103.00
28,1450,318091.00
28,1450,318061.00
28,1450,318047.00
28,1450,318052.00
28,1450,318078.00
28,1450,318093.00
28,1450,318050.00
28,1450,318066.00
28,1450,318095.00
28,1450,318040.00
28,1450,318038.00
28,1450,318079.00
28,1450,318055.00
28,1450,318056.00
28,1450,318124.00
28,1450,318125.00
28,1450,318098.00
28,1450,318076.00
28,1450,318065.00
28,1450,318040.00
28,1450,318041.00
28,1450,318039.00
28,1450,318040.00
28,1450,318051.00
28,1450,318046.00
28,1450,318075.00
28,1450,318069.00
28,1450,318082.00
28,1450,318063.00
28,1450,318043.00
28,1450,318074.00
28,1450,318097.00
28,1450,318109.00
28,1450,318089.00
28,1450,318058.00
28,1450,318042.00
28,1450,318052.00
28,1450,318021.00
28,1450,318041.00
28,1450,318049.00
28,1450,318072.00
28,1450,318055.00
28,1450,318040.00
28,1450,318038.00
28,1450,318058.00
28,1450,318078.00
28,1450,318066.00
28,1450,318106.00
28,1450,318112.00
28,1450,318075.00
28,1450,318060.00
28,1450,318077.00
28,1450,318098.00
28,1450,318097.00
28,1450,318107.00
28,1450,318111.00
28,1450,318080.00
29,1550,340090.00
29,1550,340130.00
29,1550,340110.00
29,1550,340136.00
29,1550,340099.00
29,1550,340058.00
29,1550,339989.00
29,1550,340070.00
29,1550,340109.00
29,1550,340048.00
29,1550,340109.00
29,1550,340148.00
29,1550,340159.00
29,1550,340067.00
29,1550,340082.00
29,1550,340082.00
29,1550,340077.00
29,1550,340054.00
29,1550,340068.00
29,1550,340198.00
29,1550,340059.00
29,1550,340096.00
29,1550,340098.00
29,1550,340096.00
29,1550,340143.00
29,1550,340062.00
29,1550,340122.00
29,1550,340090.00
29,1550,340102.00
29,1550,340050.00
29,1550,340123.00
29,1550,340080.00
29,1550,340091.00
29,1550,340149.00
29,1550,340049.00
29,1550,340113.00
29,1550,340108.00
29,1550,340087.00
29,1550,340019.00
29,1550,340089.00
29,1550,340114.00
29,1550,340070.00
29,1550,340093.00
29,1550,340093.00
29,1550,340068.00
29,1550,340070.00
29,1550,340119.00
29,1550,340114.00
29,1550,340133.00
29,1550,339998.00
29,1550,340173.00
29,1550,340052.00
29,1550,340071.00
29,1550,340103.00
29,1550,340077.00
29,1550,340128.00
29,1550,340132.00
29,1550,340120.00
29,1550,340094.00
29,1550,340075.00
29,1550,340083.00
29,1550,340057.00
29,1550,340104.00
29,1550,340087.00
29,1550,340069.00
29,1550,340033.00
29,1550,340017.00
29,1550,340035.00
29,1550,340016.00
29,1550,340064.00
29,1550,340129.00
29,1550,340113.00
29,1550,340074.00
29,1550,340083.00
29,1550,340079.00
29,1550,340106.00
29,1550,340121.00
29,1550,340098.00
29,1550,340081.00
29,1550,340041.00
29,1550,340074.00
29,1550,340019.00
29,1550,340056.00
29,1550,340070.00
29,1550,340105.00
29,1550,340135.00
29,1550,340103.00
29,1550,340135.00
29,1550,340089.00
29,1550,340086.00
29,1550,340077.00
29,1550,340100.00
29,1550,340080.00
29,1550,340083.00
29,1550,340162.00
29,1550,340065.00
29,1550,340113.00
29,1550,340038.00
29,1550,340050.00
29,1550,340091.00
29,1550,340067.00
29,1550,340049.00
29,1550,340038.00
29,1550,340043.00
29,1550,340104.00
29,1550,340102.00
29,1550,340072.00
29,1550,340082.00
29,1550,340101.00
29,1550,340057.00
29,1550,340083.00
29,1550,340075.00
29,1550,340086.00
29,1550,340046.00
30,1600,350981.00
30,1600,350976.00
30,1600,350986.00
30,1600,351032.00
30,1600,351097.00
30,1600,351078.00
30,1600,351070.00
30,1600,351092.00
30,1600,351014.00
30,1600,350943.00
30,1600,350974.00
30,1600,351032.00
30,1600,351074.00
30,1600,351123.00
30,1600,351046.00
30,1600,351020.00
30,1600,350999.00
30,1600,350988.00
30,1600,351073.00
30,1600,351103.00
30,1600,351106.00
30,1600,351084.00
30,1600,351048.00
30,1600,351057.00
30,1600,351032.00
30,1600,351039.00
30,1600,351078.00
30,1600,351105.00
30,1600,351091.00
30,1600,351055.00
30,1600,351018.00
30,1600,350988.00
30,1600,351009.00
30,1600,351083.00
30,1600,351120.00
30,1600,351111.00
30,1600,351087.00
30,1600,351045.00
30,1600,351029.00
30,1600,351001.00
30,1600,351033.00
30,1600,351075.00
30,1600,351062.00
30,1600,351067.00
30,1600,351046.00
30,1600,351001.00
30,1600,350985.00
30,1600,351036.00
30,1600,351075.00
30,1600,351090.00
30,1600,351102.00
30,1600,351090.00
30,1600,351064.00
30,1600,350990.00
30,1600,351022.00
30,1600,351078.00
30,1600,351067.00
30,1600,351090.00
30,1600,351083.00
30,1600,351077.00
30,1600,351038.00
30,1600,351038.00
30,1600,351038.00
30,1600,351092.00
30,1600,351088.00
30,1600,351102.00
30,1600,351095.00
30,1600,351054.00
30,1600,351006.00
30,1600,351037.00
30,1600,351064.00
30,1600,351076.00
30,1600,351072.00
30,1600,351064.00
30,1600,351050.00
30,1600,351042.00
30,1600,351044.00
30,1600,351070.00
30,1600,351095.00
30,1600,351072.00
30,1600,351066.00
30,1600,351095.00
30,1600,351020.00
30,1600,350980.00
30,1600,351006.00
30,1600,351008.00
30,1600,351050.00
30,1600,351097.00
30,1600,351068.00
30,1600,351017.00
30,1600,351017.00
30,1600,351048.00
30,1600,351032.00
30,1600,351061.00
30,1600,351122.00
30,1600,351103.00
30,1600,351040.00
30,1600,351024.00
30,1600,351043.00
30,1600,351047.00
30,1600,351084.00
30,1600,351059.00
30,1600,351083.00
30,1600,351092.00
30,1600,351045.00
30,1600,351031.00
30,1600,350979.00
30,1600,351013.00
30,1600,351103.00
30,1600,351084.00
30,1600,351072.00
30,1600,351061.00
30,1600,351017.00
30,1600,351029.00
