Trial,Jaw Distance (mm),PWM,Grasper Force Sensor (Counts),External Force Sensor (Counts),Encoder Value (Pulses)
0,12.8,30,23,7274,-34592
0,12.8,30,22,7241,-34592
0,12.8,30,26,7241,-34592
0,12.8,30,26,7301,-34592
0,12.8,30,22,7336,-34592
0,12.8,30,27,7304,-34593
0,12.8,30,27,7251,-34593
0,12.8,30,24,7291,-34593
0,12.8,30,18,7315,-34594
0,12.8,30,26,7294,-34594
0,12.8,30,24,7264,-34595
0,12.8,30,22,7286,-34595
0,12.8,30,28,7331,-34595
0,12.8,30,22,7324,-34595
0,12.8,30,24,7300,-34595
0,12.8,30,28,7315,-34595
0,12.8,30,22,7311,-34595
0,12.8,30,19,7309,-34596
0,12.8,30,25,7317,-34597
0,12.8,30,22,7301,-34598
0,12.8,30,16,7282,-34599
0,12.8,30,23,7277,-34600
0,12.8,30,24,7290,-34601
0,12.8,30,25,7323,-34602
0,12.8,30,24,7321,-34604
0,12.8,30,22,7298,-34604
0,12.8,30,31,7293,-34604
0,12.8,30,27,7307,-34604
0,12.8,30,20,7273,-34605
0,12.8,30,28,7278,-34605
0,12.8,30,20,7268,-34606
0,12.8,30,23,7279,-34606
0,12.8,30,28,7339,-34607
0,12.8,30,21,7359,-34607
0,12.8,30,29,7361,-34608
0,12.8,30,18,7312,-34609
0,12.8,30,20,7292,-34609
0,12.8,30,22,7317,-34610
0,12.8,30,25,7328,-34611
0,12.8,30,23,7316,-34611
0,12.8,30,22,7334,-34612
0,12.8,30,28,7341,-34612
0,12.8,30,20,7310,-34612
0,12.8,30,25,7310,-34612
0,12.8,30,21,7349,-34612
0,12.8,30,22,7326,-34613
0,12.8,30,21,7299,-34613
0,12.8,30,26,7363,-34613
0,12.8,30,21,7369,-34613
0,12.8,30,22,7350,-34613
0,12.8,30,19,7330,-34613
0,12.8,30,25,7330,-34613
0,12.8,30,19,7369,-34613
0,12.8,30,19,7376,-34614
0,12.8,30,20,7308,-34614
0,12.8,30,25,7301,-34614
0,12.8,30,22,7303,-34614
0,12.8,30,27,7328,-34614
1,12.8,35,30,6637,-35198
1,12.8,35,26,10427,-35198
1,12.8,35,28,10744,-35198
1,12.8,35,30,10655,-35198
1,12.8,35,26,10615,-35198
1,12.8,35,27,10600,-35198
1,12.8,35,30,10542,-35198
1,12.8,35,26,10530,-35198
1,12.8,35,29,10494,-35198
1,12.8,35,24,10468,-35198
1,12.8,35,26,10470,-35198
1,12.8,35,27,10440,-35198
1,12.8,35,29,10447,-35198
1,12.8,35,30,10463,-35198
1,12.8,35,27,10434,-35198
1,12.8,35,27,10460,-35198
1,12.8,35,31,10449,-35198
1,12.8,35,18,10428,-35198
1,12.8,35,27,10434,-35198
1,12.8,35,25,10434,-35198
1,12.8,35,21,10434,-35198
1,12.8,35,26,10427,-35198
1,12.8,35,27,10412,-35198
1,12.8,35,26,10464,-35198
1,12.8,35,21,10415,-35198
1,12.8,35,23,10356,-35198
1,12.8,35,26,10381,-35198
1,12.8,35,27,10384,-35198
1,12.8,35,21,10369,-35198
1,12.8,35,28,10369,-35198
1,12.8,35,27,10372,-35198
1,12.8,35,27,10395,-35198
1,12.8,35,24,10412,-35198
1,12.8,35,27,10386,-35198
1,12.8,35,30,10382,-35198
1,12.8,35,26,10380,-35198
1,12.8,35,22,10380,-35198
1,12.8,35,24,10382,-35198
1,12.8,35,22,10398,-35198
1,12.8,35,24,10365,-35198
1,12.8,35,27,10341,-35198
1,12.8,35,27,10344,-35198
1,12.8,35,20,10349,-35198
1,12.8,35,27,10380,-35198
1,12.8,35,28,10373,-35198
1,12.8,35,25,10388,-35198
1,12.8,35,23,10358,-35198
1,12.8,35,26,10360,-35198
1,12.8,35,22,10380,-35198
1,12.8,35,22,10365,-35198
1,12.8,35,30,10358,-35198
1,12.8,35,29,10347,-35198
1,12.8,35,26,10357,-35198
1,12.8,35,24,10338,-35198
1,12.8,35,28,10310,-35198
1,12.8,35,25,10319,-35198
1,12.8,35,18,10379,-35198
1,12.8,35,23,10364,-35198
2,12.8,40,36,12660,-36324
2,12.8,40,39,21276,-36324
2,12.8,40,39,24641,-36324
2,12.8,40,37,24600,-36324
2,12.8,40,38,24399,-36324
2,12.8,40,38,24321,-36324
2,12.8,40,37,24283,-36324
2,12.8,40,36,24205,-36324
2,12.8,40,36,24151,-36324
2,12.8,40,34,24079,-36324
2,12.8,40,36,24030,-36324
2,12.8,40,37,24007,-36324
2,12.8,40,39,23989,-36324
2,12.8,40,36,23977,-36324
2,12.8,40,36,23991,-36324
2,12.8,40,37,23950,-36324
2,12.8,40,37,23906,-36324
2,12.8,40,37,23919,-36324
2,12.8,40,38,23876,-36324
2,12.8,40,36,23843,-36324
2,12.8,40,36,23863,-36324
2,12.8,40,35,23856,-36324
2,12.8,40,34,23867,-36324
2,12.8,40,36,23827,-36324
2,12.8,40,35,23834,-36324
2,12.8,40,37,23809,-36324
2,12.8,40,40,23825,-36324
2,12.8,40,36,23790,-36324
2,12.8,40,38,23761,-36324
2,12.8,40,35,23770,-36324
2,12.8,40,36,23787,-36324
2,12.8,40,37,23777,-36324
2,12.8,40,38,23770,-36324
2,12.8,40,39,23782,-36324
2,12.8,40,37,23792,-36324
2,12.8,40,37,23727,-36324
2,12.8,40,36,23702,-36324
2,12.8,40,36,23692,-36324
2,12.8,40,38,23744,-36324
2,12.8,40,40,23735,-36324
2,12.8,40,37,23733,-36324
2,12.8,40,35,23756,-36324
2,12.8,40,37,23775,-36324
2,12.8,40,36,23725,-36324
2,12.8,40,35,23685,-36324
2,12.8,40,38,23716,-36324
2,12.8,40,36,23761,-36324
2,12.8,40,39,23716,-36324
2,12.8,40,38,23680,-36324
2,12.8,40,37,23705,-36324
2,12.8,40,34,23715,-36324
2,12.8,40,37,23690,-36324
2,12.8,40,39,23698,-36324
2,12.8,40,39,23686,-36324
2,12.8,40,35,23725,-36324
2,12.8,40,37,23759,-36324
2,12.8,40,37,23716,-36324
2,12.8,40,39,23699,-36324
3,12.8,45,51,24674,-36804
3,12.8,45,52,31377,-36804
3,12.8,45,52,31902,-36804
3,12.8,45,50,31710,-36804
3,12.8,45,50,31571,-36804
3,12.8,45,51,31522,-36804
3,12.8,45,51,31468,-36804
3,12.8,45,49,31442,-36804
3,12.8,45,49,31367,-36804
3,12.8,45,51,31346,-36804
3,12.8,45,51,31315,-36804
3,12.8,45,51,31253,-36804
3,12.8,45,52,31200,-36804
3,12.8,45,54,31258,-36804
3,12.8,45,54,31263,-36804
3,12.8,45,53,31203,-36804
3,12.8,45,52,31186,-36804
3,12.8,45,53,31166,-36804
3,12.8,45,53,31152,-36804
3,12.8,45,53,31165,-36804
3,12.8,45,53,31143,-36804
3,12.8,45,52,31128,-36804
3,12.8,45,53,31127,-36804
3,12.8,45,53,31127,-36804
3,12.8,45,51,31106,-36804
3,12.8,45,53,31038,-36804
3,12.8,45,53,31028,-36804
3,12.8,45,51,31057,-36804
3,12.8,45,52,31031,-36804
3,12.8,45,53,31035,-36804
3,12.8,45,54,31032,-36804
3,12.8,45,52,31041,-36804
3,12.8,45,52,31034,-36804
3,12.8,45,53,31023,-36804
3,12.8,45,53,31057,-36804
3,12.8,45,51,31058,-36804
3,12.8,45,51,31028,-36805
3,12.8,45,52,31011,-36805
3,12.8,45,53,30999,-36805
3,12.8,45,50,30972,-36805
3,12.8,45,52,30933,-36805
3,12.8,45,52,30933,-36805
3,12.8,45,53,30951,-36805
3,12.8,45,51,30951,-36805
3,12.8,45,53,30955,-36805
3,12.8,45,53,30942,-36805
3,12.8,45,51,30922,-36805
3,12.8,45,52,30926,-36805
3,12.8,45,52,30951,-36805
3,12.8,45,52,30950,-36805
3,12.8,45,50,30962,-36805
3,12.8,45,52,30964,-36805
3,12.8,45,52,30925,-36805
3,12.8,45,53,30955,-36805
3,12.8,45,52,30900,-36805
3,12.8,45,52,30912,-36805
3,12.8,45,51,30902,-36805
3,12.8,45,53,30866,-36805
4,12.8,50,79,33475,-37405
4,12.8,50,79,40752,-37405
4,12.8,50,77,41357,-37405
4,12.8,50,80,41199,-37405
4,12.8,50,79,41094,-37405
4,12.8,50,77,41007,-37405
4,12.8,50,78,40905,-37405
4,12.8,50,79,40833,-37405
4,12.8,50,77,40821,-37405
4,12.8,50,76,40809,-37405
4,12.8,50,77,40754,-37405
4,12.8,50,76,40677,-37405
4,12.8,50,78,40635,-37405
4,12.8,50,78,40611,-37405
4,12.8,50,77,40566,-37405
4,12.8,50,78,40572,-37405
4,12.8,50,77,40598,-37405
4,12.8,50,79,40558,-37405
4,12.8,50,77,40514,-37405
4,12.8,50,75,40488,-37405
4,12.8,50,78,40488,-37405
4,12.8,50,78,40455,-37405
4,12.8,50,78,40423,-37405
4,12.8,50,77,40419,-37405
4,12.8,50,76,40434,-37405
4,12.8,50,76,40461,-37405
4,12.8,50,78,40439,-37405
4,12.8,50,75,40400,-37405
4,12.8,50,78,40380,-37405
4,12.8,50,77,40346,-37405
4,12.8,50,77,40337,-37405
4,12.8,50,75,40340,-37405
4,12.8,50,77,40339,-37405
4,12.8,50,77,40318,-37405
4,12.8,50,77,40319,-37405
4,12.8,50,76,40295,-37405
4,12.8,50,75,40289,-37405
4,12.8,50,76,40261,-37405
4,12.8,50,74,40247,-37405
4,12.8,50,77,40282,-37405
4,12.8,50,75,40295,-37405
4,12.8,50,77,40300,-37405
4,12.8,50,77,40288,-37405
4,12.8,50,77,40223,-37405
4,12.8,50,75,40213,-37405
4,12.8,50,75,40252,-37405
4,12.8,50,78,40216,-37405
4,12.8,50,77,40199,-37405
4,12.8,50,76,40237,-37405
4,12.8,50,75,40211,-37405
4,12.8,50,76,40202,-37405
4,12.8,50,77,40214,-37405
4,12.8,50,76,40203,-37405
4,12.8,50,77,40213,-37405
4,12.8,50,77,40204,-37405
4,12.8,50,77,40157,-37405
4,12.8,50,76,40185,-37405
4,12.8,50,76,40164,-37405
5,12.8,55,106,42586,-37882
5,12.8,55,108,49004,-37882
5,12.8,55,106,49452,-37882
5,12.8,55,107,49285,-37882
5,12.8,55,108,49205,-37882
5,12.8,55,108,49088,-37882
5,12.8,55,108,48982,-37882
5,12.8,55,105,48924,-37882
5,12.8,55,111,48862,-37882
5,12.8,55,109,48791,-37882
5,12.8,55,108,48724,-37882
5,12.8,55,109,48678,-37882
5,12.8,55,109,48672,-37882
5,12.8,55,106,48610,-37882
5,12.8,55,108,48602,-37882
5,12.8,55,111,48588,-37882
5,12.8,55,108,48570,-37882
5,12.8,55,109,48519,-37882
5,12.8,55,109,48499,-37882
5,12.8,55,108,48466,-37882
5,12.8,55,107,48477,-37882
5,12.8,55,107,48476,-37882
5,12.8,55,107,48460,-37882
5,12.8,55,106,48381,-37882
5,12.8,55,108,48379,-37882
5,12.8,55,107,48396,-37882
5,12.8,55,108,48396,-37882
5,12.8,55,108,48360,-37882
5,12.8,55,106,48384,-37882
5,12.8,55,108,48350,-37882
5,12.8,55,107,48331,-37882
5,12.8,55,107,48307,-37882
5,12.8,55,106,48308,-37882
5,12.8,55,108,48305,-37882
5,12.8,55,106,48287,-37882
5,12.8,55,105,48283,-37882
5,12.8,55,106,48275,-37882
5,12.8,55,106,48241,-37882
5,12.8,55,108,48222,-37882
5,12.8,55,105,48214,-37882
5,12.8,55,106,48228,-37882
5,12.8,55,103,48191,-37882
5,12.8,55,107,48147,-37882
5,12.8,55,105,48201,-37882
5,12.8,55,105,48212,-37882
5,12.8,55,107,48153,-37882
5,12.8,55,106,48203,-37882
5,12.8,55,102,48216,-37882
5,12.8,55,101,48155,-37882
5,12.8,55,104,48108,-37882
5,12.8,55,106,48111,-37882
5,12.8,55,103,48126,-37882
5,12.8,55,106,48136,-37882
5,12.8,55,107,48135,-37882
5,12.8,55,104,48139,-37882
5,12.8,55,106,48132,-37882
5,12.8,55,105,48147,-37882
5,12.8,55,109,48100,-37882
6,12.8,60,142,49643,-38364
6,12.8,60,144,57726,-38364
6,12.8,60,145,58625,-38365
6,12.8,60,140,58465,-38365
6,12.8,60,143,58369,-38365
6,12.8,60,141,58324,-38365
6,12.8,60,142,58227,-38365
6,12.8,60,141,58218,-38365
6,12.8,60,142,58213,-38365
6,12.8,60,141,58173,-38365
6,12.8,60,140,58082,-38365
6,12.8,60,141,58029,-38365
6,12.8,60,142,57996,-38365
6,12.8,60,141,57967,-38365
6,12.8,60,140,57960,-38365
6,12.8,60,141,57958,-38365
6,12.8,60,140,57933,-38365
6,12.8,60,143,57918,-38365
6,12.8,60,141,57896,-38365
6,12.8,60,142,57836,-38365
6,12.8,60,143,57835,-38365
6,12.8,60,139,57811,-38365
6,12.8,60,142,57783,-38365
6,12.8,60,137,57774,-38365
6,12.8,60,140,57772,-38365
6,12.8,60,139,57759,-38365
6,12.8,60,140,57740,-38365
6,12.8,60,141,57739,-38365
6,12.8,60,140,57769,-38365
6,12.8,60,141,57720,-38365
6,12.8,60,142,57688,-38365
6,12.8,60,137,57699,-38365
6,12.8,60,139,57726,-38365
6,12.8,60,141,57698,-38365
6,12.8,60,138,57626,-38365
6,12.8,60,142,57649,-38365
6,12.8,60,141,57627,-38365
6,12.8,60,140,57604,-38365
6,12.8,60,140,57609,-38365
6,12.8,60,141,57628,-38365
6,12.8,60,141,57596,-38365
6,12.8,60,141,57628,-38365
6,12.8,60,142,57620,-38365
6,12.8,60,139,57584,-38365
6,12.8,60,140,57591,-38365
6,12.8,60,142,57582,-38365
6,12.8,60,137,57547,-38365
6,12.8,60,141,57538,-38365
6,12.8,60,141,57542,-38365
6,12.8,60,137,57541,-38365
6,12.8,60,140,57577,-38365
6,12.8,60,140,57516,-38365
6,12.8,60,142,57490,-38365
6,12.8,60,138,57494,-38365
6,12.8,60,138,57512,-38365
6,12.8,60,139,57489,-38365
6,12.8,60,140,57514,-38365
6,12.8,60,138,57516,-38365
7,12.8,65,169,58129,-38780
7,12.8,65,170,66282,-38780
7,12.8,65,171,67108,-38780
7,12.8,65,172,67059,-38780
7,12.8,65,170,66968,-38780
7,12.8,65,167,66882,-38780
7,12.8,65,169,66822,-38781
7,12.8,65,168,66774,-38781
7,12.8,65,168,66711,-38781
7,12.8,65,169,66637,-38781
7,12.8,65,169,66643,-38781
7,12.8,65,169,66624,-38781
7,12.8,65,168,66572,-38781
7,12.8,65,169,66534,-38781
7,12.8,65,171,66536,-38781
7,12.8,65,169,66550,-38781
7,12.8,65,169,66514,-38781
7,12.8,65,168,66443,-38781
7,12.8,65,169,66407,-38781
7,12.8,65,169,66466,-38781
7,12.8,65,169,66450,-38781
7,12.8,65,170,66433,-38781
7,12.8,65,170,66450,-38781
7,12.8,65,169,66440,-38781
7,12.8,65,166,66375,-38781
7,12.8,65,168,66350,-38781
7,12.8,65,169,66334,-38781
7,12.8,65,169,66334,-38781
7,12.8,65,167,66313,-38781
7,12.8,65,168,66301,-38781
7,12.8,65,169,66270,-38781
7,12.8,65,168,66270,-38781
7,12.8,65,168,66253,-38781
7,12.8,65,168,66238,-38781
7,12.8,65,168,66223,-38781
7,12.8,65,168,66234,-38781
7,12.8,65,169,66204,-38781
7,12.8,65,169,66197,-38781
7,12.8,65,167,66186,-38781
7,12.8,65,168,66179,-38781
7,12.8,65,167,66162,-38781
7,12.8,65,169,66115,-38781
7,12.8,65,169,66109,-38781
7,12.8,65,167,66129,-38781
7,12.8,65,167,66170,-38781
7,12.8,65,166,66193,-38781
7,12.8,65,163,66136,-38781
7,12.8,65,167,66128,-38781
7,12.8,65,168,66124,-38781
7,12.8,65,169,66111,-38781
7,12.8,65,169,66115,-38781
7,12.8,65,169,66123,-38781
7,12.8,65,167,66109,-38781
7,12.8,65,165,66076,-38781
7,12.8,65,166,66051,-38781
7,12.8,65,168,66087,-38781
7,12.8,65,166,66080,-38781
7,12.8,65,168,66041,-38781
8,12.8,70,196,66380,-39208
8,12.8,70,197,75226,-39208
8,12.8,70,195,76164,-39208
8,12.8,70,193,76112,-39208
8,12.8,70,196,76019,-39208
8,12.8,70,195,75976,-39208
8,12.8,70,194,75889,-39208
8,12.8,70,194,75824,-39208
8,12.8,70,193,75765,-39208
8,12.8,70,193,75733,-39208
8,12.8,70,193,75692,-39208
8,12.8,70,194,75650,-39208
8,12.8,70,193,75606,-39208
8,12.8,70,194,75629,-39208
8,12.8,70,194,75604,-39208
8,12.8,70,192,75535,-39208
8,12.8,70,194,75493,-39208
8,12.8,70,194,75475,-39208
8,12.8,70,194,75476,-39208
8,12.8,70,194,75457,-39208
8,12.8,70,194,75472,-39208
8,12.8,70,192,75483,-39208
8,12.8,70,193,75467,-39208
8,12.8,70,193,75432,-39208
8,12.8,70,194,75419,-39208
8,12.8,70,194,75385,-39208
8,12.8,70,192,75334,-39208
8,12.8,70,193,75319,-39208
8,12.8,70,192,75344,-39208
8,12.8,70,194,75382,-39208
8,12.8,70,194,75376,-39208
8,12.8,70,191,75353,-39208
8,12.8,70,193,75304,-39208
8,12.8,70,192,75246,-39208
8,12.8,70,194,75248,-39208
8,12.8,70,192,75276,-39208
8,12.8,70,194,75276,-39208
8,12.8,70,193,75261,-39208
8,12.8,70,194,75295,-39208
8,12.8,70,194,75224,-39208
8,12.8,70,193,75237,-39208
8,12.8,70,192,75264,-39208
8,12.8,70,192,75239,-39208
8,12.8,70,193,75236,-39208
8,12.8,70,193,75205,-39208
8,12.8,70,193,75180,-39208
8,12.8,70,192,75174,-39208
8,12.8,70,194,75225,-39208
8,12.8,70,194,75229,-39208
8,12.8,70,193,75182,-39209
8,12.8,70,192,75128,-39209
8,12.8,70,193,75151,-39209
8,12.8,70,192,75157,-39209
8,12.8,70,193,75168,-39209
8,12.8,70,193,75163,-39209
8,12.8,70,190,75146,-39209
8,12.8,70,192,75122,-39209
8,12.8,70,193,75119,-39209
9,12.8,75,215,75031,-39603
9,12.8,75,217,83995,-39603
9,12.8,75,215,84922,-39603
9,12.8,75,216,84835,-39603
9,12.8,75,215,84751,-39603
9,12.8,75,215,84678,-39603
9,12.8,75,214,84641,-39603
9,12.8,75,212,84547,-39603
9,12.8,75,214,84491,-39603
9,12.8,75,214,84423,-39603
9,12.8,75,212,84399,-39603
9,12.8,75,214,84398,-39603
9,12.8,75,214,84365,-39603
9,12.8,75,213,84299,-39603
9,12.8,75,213,84282,-39603
9,12.8,75,214,84212,-39603
9,12.8,75,213,84189,-39603
9,12.8,75,213,84185,-39603
9,12.8,75,213,84165,-39603
9,12.8,75,213,84127,-39603
9,12.8,75,210,84161,-39603
9,12.8,75,214,84122,-39603
9,12.8,75,211,84107,-39603
9,12.8,75,213,84131,-39603
9,12.8,75,213,84122,-39603
9,12.8,75,211,84047,-39603
9,12.8,75,213,84039,-39603
9,12.8,75,214,84066,-39603
9,12.8,75,213,84069,-39603
9,12.8,75,213,84034,-39603
9,12.8,75,213,84002,-39603
9,12.8,75,212,83978,-39603
9,12.8,75,213,84002,-39603
9,12.8,75,213,83960,-39603
9,12.8,75,213,83947,-39603
9,12.8,75,213,83955,-39603
9,12.8,75,213,83934,-39603
9,12.8,75,213,83899,-39603
9,12.8,75,212,83885,-39603
9,12.8,75,212,83893,-39603
9,12.8,75,213,83900,-39603
9,12.8,75,212,83850,-39603
9,12.8,75,213,83842,-39603
9,12.8,75,213,83868,-39603
9,12.8,75,212,83889,-39603
9,12.8,75,213,83850,-39603
9,12.8,75,210,83831,-39603
9,12.8,75,212,83826,-39603
9,12.8,75,213,83822,-39603
9,12.8,75,212,83821,-39603
9,12.8,75,213,83798,-39603
9,12.8,75,211,83775,-39603
9,12.8,75,212,83797,-39603
9,12.8,75,213,83806,-39603
9,12.8,75,212,83784,-39603
9,12.8,75,210,83744,-39603
9,12.8,75,213,83751,-39603
9,12.8,75,213,83711,-39603
10,12.8,80,231,82940,-39982
10,12.8,80,233,91983,-39982
10,12.8,80,232,92935,-39982
10,12.8,80,231,92844,-39982
10,12.8,80,233,92703,-39982
10,12.8,80,231,92646,-39982
10,12.8,80,231,92604,-39982
10,12.8,80,232,92516,-39982
10,12.8,80,232,92449,-39982
10,12.8,80,231,92390,-39982
10,12.8,80,231,92378,-39982
10,12.8,80,231,92319,-39982
10,12.8,80,229,92279,-39982
10,12.8,80,230,92245,-39982
10,12.8,80,233,92213,-39982
10,12.8,80,229,92195,-39982
10,12.8,80,230,92169,-39982
10,12.8,80,230,92152,-39982
10,12.8,80,230,92133,-39982
10,12.8,80,231,92163,-39982
10,12.8,80,230,92144,-39982
10,12.8,80,229,92105,-39982
10,12.8,80,229,92074,-39982
10,12.8,80,230,92045,-39982
10,12.8,80,230,92003,-39982
10,12.8,80,230,92018,-39983
10,12.8,80,229,92000,-39983
10,12.8,80,227,91987,-39983
10,12.8,80,229,91990,-39983
10,12.8,80,230,91989,-39983
10,12.8,80,230,91969,-39983
10,12.8,80,230,91977,-39983
10,12.8,80,231,91953,-39983
10,12.8,80,230,91934,-39983
10,12.8,80,229,91930,-39983
10,12.8,80,228,91895,-39983
10,12.8,80,230,91937,-39983
10,12.8,80,230,91922,-39983
10,12.8,80,229,91867,-39983
10,12.8,80,229,91823,-39983
10,12.8,80,227,91852,-39983
10,12.8,80,230,91829,-39983
10,12.8,80,230,91815,-39983
10,12.8,80,230,91804,-39983
10,12.8,80,229,91794,-39983
10,12.8,80,229,91805,-39983
10,12.8,80,230,91777,-39983
10,12.8,80,229,91740,-39983
10,12.8,80,229,91766,-39983
10,12.8,80,228,91761,-39983
10,12.8,80,229,91771,-39983
10,12.8,80,229,91776,-39983
10,12.8,80,230,91744,-39983
10,12.8,80,228,91721,-39983
10,12.8,80,229,91695,-39983
10,12.8,80,230,91721,-39983
10,12.8,80,229,91740,-39983
10,12.8,80,228,91725,-39983
11,12.8,85,249,92423,-40393
11,12.8,85,250,101717,-40393
11,12.8,85,247,102924,-40393
11,12.8,85,249,102962,-40393
11,12.8,85,248,102938,-40393
11,12.8,85,247,102862,-40393
11,12.8,85,245,102828,-40393
11,12.8,85,248,102777,-40393
11,12.8,85,247,102734,-40393
11,12.8,85,249,102689,-40393
11,12.8,85,248,102650,-40393
11,12.8,85,248,102625,-40393
11,12.8,85,247,102584,-40393
11,12.8,85,247,102614,-40393
11,12.8,85,248,102604,-40393
11,12.8,85,245,102576,-40393
11,12.8,85,247,102534,-40393
11,12.8,85,246,102475,-40393
11,12.8,85,248,102464,-40393
11,12.8,85,247,102446,-40393
11,12.8,85,245,102435,-40393
11,12.8,85,246,102428,-40394
11,12.8,85,246,102437,-40394
11,12.8,85,247,102428,-40394
11,12.8,85,247,102412,-40394
11,12.8,85,246,102354,-40394
11,12.8,85,244,102353,-40394
11,12.8,85,246,102366,-40394
11,12.8,85,246,102358,-40394
11,12.8,85,246,102338,-40394
11,12.8,85,246,102322,-40394
11,12.8,85,247,102314,-40394
11,12.8,85,245,102313,-40394
11,12.8,85,246,102300,-40394
11,12.8,85,246,102281,-40394
11,12.8,85,247,102300,-40394
11,12.8,85,246,102285,-40394
11,12.8,85,246,102259,-40394
11,12.8,85,245,102198,-40394
11,12.8,85,246,102191,-40394
11,12.8,85,246,102206,-40394
11,12.8,85,245,102203,-40394
11,12.8,85,247,102201,-40394
11,12.8,85,245,102231,-40394
11,12.8,85,245,102246,-40394
11,12.8,85,244,102187,-40394
11,12.8,85,246,102171,-40394
11,12.8,85,246,102177,-40394
11,12.8,85,246,102175,-40394
11,12.8,85,245,102209,-40394
11,12.8,85,246,102128,-40394
11,12.8,85,246,102098,-40394
11,12.8,85,248,102132,-40394
11,12.8,85,246,102157,-40394
11,12.8,85,245,102129,-40394
11,12.8,85,245,102098,-40394
11,12.8,85,246,102124,-40394
11,12.8,85,246,102133,-40394
12,12.8,90,264,100038,-40743
12,12.8,90,265,109832,-40743
12,12.8,90,263,111050,-40743
12,12.8,90,263,111022,-40743
12,12.8,90,263,110999,-40743
12,12.8,90,262,110990,-40743
12,12.8,90,263,110959,-40743
12,12.8,90,261,110939,-40743
12,12.8,90,262,110884,-40743
12,12.8,90,263,110841,-40743
12,12.8,90,262,110852,-40744
12,12.8,90,261,110871,-40744
12,12.8,90,263,110824,-40744
12,12.8,90,262,110782,-40744
12,12.8,90,261,110757,-40744
12,12.8,90,262,110782,-40744
12,12.8,90,261,110774,-40744
12,12.8,90,262,110701,-40744
12,12.8,90,260,110693,-40744
12,12.8,90,260,110700,-40744
12,12.8,90,261,110738,-40744
12,12.8,90,259,110721,-40744
12,12.8,90,261,110700,-40744
12,12.8,90,260,110693,-40744
12,12.8,90,261,110637,-40744
12,12.8,90,262,110646,-40744
12,12.8,90,262,110640,-40744
12,12.8,90,260,110620,-40744
12,12.8,90,261,110638,-40744
12,12.8,90,261,110627,-40744
12,12.8,90,260,110628,-40744
12,12.8,90,262,110613,-40744
12,12.8,90,261,110617,-40744
12,12.8,90,261,110605,-40744
12,12.8,90,259,110583,-40744
12,12.8,90,261,110564,-40744
12,12.8,90,261,110579,-40744
12,12.8,90,262,110549,-40744
12,12.8,90,262,110529,-40744
12,12.8,90,260,110537,-40744
12,12.8,90,260,110523,-40744
12,12.8,90,260,110573,-40744
12,12.8,90,261,110574,-40744
12,12.8,90,261,110561,-40744
12,12.8,90,261,110561,-40744
12,12.8,90,260,110563,-40744
12,12.8,90,260,110535,-40744
12,12.8,90,260,110541,-40744
12,12.8,90,262,110522,-40744
12,12.8,90,260,110457,-40744
12,12.8,90,261,110450,-40744
12,12.8,90,258,110510,-40744
12,12.8,90,259,110496,-40744
12,12.8,90,260,110466,-40744
12,12.8,90,261,110476,-40744
12,12.8,90,260,110496,-40744
12,12.8,90,262,110456,-40744
12,12.8,90,260,110448,-40744
13,12.8,95,281,108323,-41128
13,12.8,95,282,118363,-41128
13,12.8,95,280,119815,-41129
13,12.8,95,280,119865,-41129
13,12.8,95,280,119849,-41130
13,12.8,95,281,119787,-41130
13,12.8,95,281,119738,-41130
13,12.8,95,280,119748,-41130
13,12.8,95,280,119794,-41131
13,12.8,95,280,119746,-41131
13,12.8,95,279,119687,-41131
13,12.8,95,280,119700,-41131
13,12.8,95,280,119676,-41131
13,12.8,95,280,119684,-41132
13,12.8,95,281,119705,-41132
13,12.8,95,280,119709,-41132
13,12.8,95,280,119688,-41133
13,12.8,95,281,119682,-41133
13,12.8,95,280,119695,-41133
13,12.8,95,279,119678,-41133
13,12.8,95,279,119663,-41134
13,12.8,95,279,119624,-41134
13,12.8,95,281,119605,-41135
13,12.8,95,280,119605,-41135
13,12.8,95,280,119620,-41135
13,12.8,95,279,119618,-41136
13,12.8,95,280,119662,-41136
13,12.8,95,280,119627,-41136
13,12.8,95,281,119619,-41136
13,12.8,95,279,119596,-41137
13,12.8,95,280,119575,-41137
13,12.8,95,280,119592,-41137
13,12.8,95,280,119642,-41137
13,12.8,95,281,119593,-41137
13,12.8,95,280,119581,-41138
13,12.8,95,279,119575,-41138
13,12.8,95,280,119571,-41138
13,12.8,95,280,119546,-41138
13,12.8,95,280,119571,-41139
13,12.8,95,280,119575,-41139
13,12.8,95,280,119586,-41139
13,12.8,95,277,119602,-41139
13,12.8,95,279,119555,-41140
13,12.8,95,279,119561,-41140
13,12.8,95,279,119550,-41140
13,12.8,95,279,119543,-41141
13,12.8,95,281,119561,-41141
13,12.8,95,281,119535,-41141
13,12.8,95,281,119491,-41141
13,12.8,95,280,119509,-41141
13,12.8,95,278,119547,-41141
13,12.8,95,280,119533,-41142
13,12.8,95,277,119509,-41142
13,12.8,95,280,119476,-41142
13,12.8,95,280,119474,-41142
13,12.8,95,282,119498,-41143
13,12.8,95,280,119517,-41143
13,12.8,95,280,119501,-41143
14,12.8,100,305,115430,-41564
14,12.8,100,307,126150,-41564
14,12.8,100,306,127956,-41564
14,12.8,100,306,128094,-41564
14,12.8,100,305,128099,-41564
14,12.8,100,303,128153,-41564
14,12.8,100,304,128180,-41564
14,12.8,100,305,128184,-41564
14,12.8,100,305,128172,-41564
14,12.8,100,304,128155,-41564
14,12.8,100,305,128158,-41564
14,12.8,100,304,128191,-41564
14,12.8,100,304,128184,-41564
14,12.8,100,303,128182,-41564
14,12.8,100,305,128172,-41564
14,12.8,100,304,128186,-41564
14,12.8,100,302,128172,-41564
14,12.8,100,304,128173,-41564
14,12.8,100,303,128169,-41564
14,12.8,100,304,128145,-41564
14,12.8,100,303,128148,-41564
14,12.8,100,303,128160,-41564
14,12.8,100,304,128161,-41564
14,12.8,100,303,128158,-41564
14,12.8,100,303,128126,-41564
14,12.8,100,302,128112,-41564
14,12.8,100,303,128104,-41564
14,12.8,100,303,128092,-41564
14,12.8,100,304,128100,-41564
14,12.8,100,303,128120,-41564
14,12.8,100,302,128135,-41564
14,12.8,100,303,128124,-41564
14,12.8,100,303,128137,-41564
14,12.8,100,303,128114,-41564
14,12.8,100,302,128099,-41564
14,12.8,100,302,128118,-41564
14,12.8,100,303,128090,-41564
14,12.8,100,302,128110,-41564
14,12.8,100,303,128101,-41564
14,12.8,100,303,128056,-41564
14,12.8,100,305,128061,-41564
14,12.8,100,303,128086,-41564
14,12.8,100,304,128056,-41564
14,12.8,100,302,128072,-41564
14,12.8,100,302,128116,-41564
14,12.8,100,302,128116,-41564
14,12.8,100,304,128082,-41564
14,12.8,100,301,128113,-41564
14,12.8,100,303,128131,-41564
14,12.8,100,303,128112,-41564
14,12.8,100,303,128106,-41564
14,12.8,100,303,128094,-41564
14,12.8,100,302,128075,-41564
14,12.8,100,302,128082,-41564
14,12.8,100,302,128082,-41564
14,12.8,100,302,128062,-41564
14,12.8,100,303,128075,-41564
14,12.8,100,302,128077,-41564
15,12.8,105,326,124885,-41929
15,12.8,105,327,134532,-41929
15,12.8,105,326,136314,-41929
15,12.8,105,326,136539,-41929
15,12.8,105,326,136604,-41929
15,12.8,105,326,136620,-41929
15,12.8,105,326,136653,-41929
15,12.8,105,324,136686,-41929
15,12.8,105,324,136714,-41929
15,12.8,105,325,136752,-41929
15,12.8,105,326,136746,-41929
15,12.8,105,324,136722,-41929
15,12.8,105,325,136726,-41929
15,12.8,105,325,136734,-41929
15,12.8,105,325,136723,-41929
15,12.8,105,325,136708,-41929
15,12.8,105,325,136712,-41929
15,12.8,105,323,136770,-41929
15,12.8,105,325,136765,-41929
15,12.8,105,324,136767,-41929
15,12.8,105,324,136793,-41929
15,12.8,105,324,136820,-41929
15,12.8,105,324,136811,-41929
15,12.8,105,322,136793,-41929
15,12.8,105,324,136808,-41929
15,12.8,105,324,136788,-41929
15,12.8,105,325,136810,-41929
15,12.8,105,324,136843,-41929
15,12.8,105,324,136823,-41929
15,12.8,105,324,136816,-41929
15,12.8,105,323,136781,-41929
15,12.8,105,324,136763,-41929
15,12.8,105,323,136772,-41929
15,12.8,105,324,136782,-41929
15,12.8,105,323,136754,-41929
15,12.8,105,323,136790,-41929
15,12.8,105,324,136788,-41929
15,12.8,105,324,136806,-41929
15,12.8,105,324,136779,-41929
15,12.8,105,323,136764,-41929
15,12.8,105,323,136780,-41929
15,12.8,105,322,136785,-41929
15,12.8,105,323,136790,-41929
15,12.8,105,323,136799,-41929
15,12.8,105,324,136857,-41929
15,12.8,105,324,136862,-41929
15,12.8,105,323,136789,-41929
15,12.8,105,322,136771,-41929
15,12.8,105,323,136782,-41929
15,12.8,105,323,136794,-41929
15,12.8,105,324,136772,-41929
15,12.8,105,323,136779,-41929
15,12.8,105,321,136782,-41929
15,12.8,105,322,136803,-41929
15,12.8,105,323,136806,-41929
15,12.8,105,323,136837,-41929
15,12.8,105,323,136811,-41929
15,12.8,105,324,136791,-41929
16,12.8,110,344,128753,-42243
16,12.8,110,347,140282,-42243
16,12.8,110,345,142936,-42243
16,12.8,110,344,143290,-42243
16,12.8,110,344,143385,-42243
16,12.8,110,343,143470,-42243
16,12.8,110,343,143544,-42243
16,12.8,110,342,143585,-42243
16,12.8,110,343,143603,-42243
16,12.8,110,343,143612,-42243
16,12.8,110,342,143655,-42243
16,12.8,110,343,143625,-42243
16,12.8,110,343,143621,-42243
16,12.8,110,342,143644,-42243
16,12.8,110,343,143636,-42243
16,12.8,110,343,143669,-42243
16,12.8,110,339,143658,-42243
16,12.8,110,341,143678,-42243
16,12.8,110,341,143699,-42243
16,12.8,110,342,143688,-42243
16,12.8,110,341,143724,-42243
16,12.8,110,342,143732,-42243
16,12.8,110,342,143732,-42243
16,12.8,110,341,143737,-42243
16,12.8,110,341,143742,-42243
16,12.8,110,342,143708,-42243
16,12.8,110,342,143716,-42243
16,12.8,110,341,143716,-42243
16,12.8,110,341,143750,-42243
16,12.8,110,341,143755,-42243
16,12.8,110,341,143718,-42243
16,12.8,110,340,143715,-42243
16,12.8,110,341,143678,-42243
16,12.8,110,342,143677,-42243
16,12.8,110,342,143738,-42243
16,12.8,110,340,143740,-42243
16,12.8,110,341,143711,-42243
16,12.8,110,341,143734,-42243
16,12.8,110,342,143757,-42243
16,12.8,110,342,143732,-42243
16,12.8,110,341,143726,-42243
16,12.8,110,342,143728,-42243
16,12.8,110,340,143747,-42243
16,12.8,110,341,143734,-42243
16,12.8,110,341,143732,-42243
16,12.8,110,341,143709,-42243
16,12.8,110,341,143731,-42243
16,12.8,110,340,143776,-42243
16,12.8,110,340,143752,-42243
16,12.8,110,341,143736,-42243
16,12.8,110,341,143715,-42243
16,12.8,110,341,143738,-42243
16,12.8,110,340,143722,-42243
16,12.8,110,341,143692,-42243
16,12.8,110,341,143740,-42243
16,12.8,110,340,143749,-42243
16,12.8,110,341,143736,-42243
16,12.8,110,340,143726,-42243
17,12.8,115,371,134798,-42666
17,12.8,115,372,149092,-42666
17,12.8,115,370,153146,-42666
17,12.8,115,370,153604,-42666
17,12.8,115,369,153709,-42666
17,12.8,115,370,153798,-42666
17,12.8,115,369,153850,-42666
17,12.8,115,368,153894,-42666
17,12.8,115,367,153909,-42666
17,12.8,115,368,153894,-42666
17,12.8,115,369,153925,-42666
17,12.8,115,368,153936,-42666
17,12.8,115,368,153990,-42666
17,12.8,115,366,153993,-42666
17,12.8,115,367,154013,-42666
17,12.8,115,366,154020,-42666
17,12.8,115,367,153994,-42666
17,12.8,115,368,154013,-42666
17,12.8,115,367,154011,-42666
17,12.8,115,367,154003,-42666
17,12.8,115,366,153999,-42666
17,12.8,115,368,153995,-42666
17,12.8,115,368,154009,-42666
17,12.8,115,368,154009,-42666
17,12.8,115,365,154039,-42666
17,12.8,115,366,154047,-42666
17,12.8,115,366,154023,-42666
17,12.8,115,365,153999,-42666
17,12.8,115,367,153996,-42666
17,12.8,115,366,154032,-42666
17,12.8,115,366,154041,-42666
17,12.8,115,368,154042,-42666
17,12.8,115,367,154036,-42666
17,12.8,115,367,154037,-42666
17,12.8,115,367,154041,-42666
17,12.8,115,367,154023,-42666
17,12.8,115,364,154014,-42666
17,12.8,115,366,154024,-42666
17,12.8,115,366,153999,-42666
17,12.8,115,367,153974,-42666
17,12.8,115,367,153997,-42666
17,12.8,115,366,154009,-42666
17,12.8,115,366,154037,-42666
17,12.8,115,366,154051,-42666
17,12.8,115,366,154064,-42666
17,12.8,115,367,154056,-42666
17,12.8,115,366,154025,-42666
17,12.8,115,367,154036,-42666
17,12.8,115,366,154043,-42666
17,12.8,115,367,154064,-42666
17,12.8,115,365,154035,-42666
17,12.8,115,365,154023,-42666
17,12.8,115,366,154013,-42666
17,12.8,115,366,154024,-42666
17,12.8,115,367,154040,-42666
17,12.8,115,366,154038,-42666
17,12.8,115,366,154010,-42666
17,12.8,115,366,153980,-42666
18,12.8,120,386,145294,-42914
18,12.8,120,387,156737,-42914
18,12.8,120,386,159036,-42914
18,12.8,120,385,159355,-42914
18,12.8,120,385,159501,-42915
18,12.8,120,385,159562,-42915
18,12.8,120,382,159588,-42915
18,12.8,120,382,159636,-42915
18,12.8,120,382,159640,-42915
18,12.8,120,383,159696,-42915
18,12.8,120,383,159725,-42915
18,12.8,120,382,159743,-42915
18,12.8,120,382,159727,-42915
18,12.8,120,383,159694,-42915
18,12.8,120,382,159756,-42915
18,12.8,120,382,159776,-42915
18,12.8,120,382,159752,-42915
18,12.8,120,381,159744,-42915
18,12.8,120,382,159774,-42915
18,12.8,120,382,159764,-42915
18,12.8,120,382,159757,-42915
18,12.8,120,383,159777,-42915
18,12.8,120,379,159764,-42915
18,12.8,120,381,159773,-42915
18,12.8,120,382,159778,-42915
18,12.8,120,380,159796,-42916
18,12.8,120,382,159798,-42916
18,12.8,120,382,159808,-42916
18,12.8,120,382,159798,-42916
18,12.8,120,382,159814,-42916
18,12.8,120,381,159834,-42916
18,12.8,120,380,159821,-42916
18,12.8,120,380,159787,-42916
18,12.8,120,381,159797,-42916
18,12.8,120,381,159821,-42916
18,12.8,120,382,159830,-42916
18,12.8,120,382,159789,-42916
18,12.8,120,381,159828,-42916
18,12.8,120,381,159829,-42916
18,12.8,120,377,159822,-42916
18,12.8,120,381,159806,-42916
18,12.8,120,381,159799,-42916
18,12.8,120,380,159821,-42916
18,12.8,120,381,159837,-42916
18,12.8,120,382,159835,-42916
18,12.8,120,382,159842,-42916
18,12.8,120,381,159850,-42916
18,12.8,120,381,159869,-42916
18,12.8,120,380,159839,-42916
18,12.8,120,382,159809,-42916
18,12.8,120,381,159846,-42916
18,12.8,120,379,159901,-42916
18,12.8,120,381,159867,-42916
18,12.8,120,381,159871,-42916
18,12.8,120,381,159846,-42916
18,12.8,120,381,159812,-42916
18,12.8,120,381,159805,-42916
18,12.8,120,379,159847,-42916
19,12.8,125,401,147482,-43207
19,12.8,125,406,161717,-43207
19,12.8,125,403,165456,-43207
19,12.8,125,401,165935,-43207
19,12.8,125,402,166103,-43207
19,12.8,125,398,166188,-43207
19,12.8,125,401,166273,-43207
19,12.8,125,401,166340,-43208
19,12.8,125,400,166383,-43208
19,12.8,125,400,166423,-43208
19,12.8,125,400,166438,-43208
19,12.8,125,399,166445,-43208
19,12.8,125,400,166482,-43208
19,12.8,125,399,166484,-43208
19,12.8,125,400,166509,-43208
19,12.8,125,397,166570,-43208
19,12.8,125,398,166529,-43208
19,12.8,125,398,166527,-43208
19,12.8,125,399,166547,-43208
19,12.8,125,400,166537,-43208
19,12.8,125,400,166472,-43208
19,12.8,125,399,166469,-43208
19,12.8,125,400,166502,-43208
19,12.8,125,399,166493,-43208
19,12.8,125,399,166516,-43208
19,12.8,125,399,166536,-43208
19,12.8,125,399,166559,-43208
19,12.8,125,399,166552,-43208
19,12.8,125,398,166556,-43208
19,12.8,125,398,166551,-43208
19,12.8,125,398,166536,-43208
19,12.8,125,397,166561,-43208
19,12.8,125,398,166548,-43208
19,12.8,125,399,166557,-43208
19,12.8,125,399,166596,-43208
19,12.8,125,399,166558,-43208
19,12.8,125,399,166517,-43208
19,12.8,125,398,166524,-43208
19,12.8,125,398,166536,-43209
19,12.8,125,399,166547,-43209
19,12.8,125,399,166582,-43209
19,12.8,125,395,166561,-43209
19,12.8,125,397,166538,-43209
19,12.8,125,399,166523,-43209
19,12.8,125,399,166554,-43209
19,12.8,125,398,166608,-43209
19,12.8,125,399,166613,-43209
19,12.8,125,398,166581,-43209
19,12.8,125,398,166522,-43209
19,12.8,125,398,166549,-43209
19,12.8,125,398,166602,-43209
19,12.8,125,397,166582,-43209
19,12.8,125,398,166575,-43209
19,12.8,125,398,166578,-43209
19,12.8,125,397,166543,-43209
19,12.8,125,398,166533,-43209
19,12.8,125,398,166558,-43209
19,12.8,125,398,166526,-43209
20,12.8,130,420,154818,-43517
20,12.8,130,421,168512,-43517
20,12.8,130,420,172132,-43518
20,12.8,130,421,172637,-43518
20,12.8,130,419,172822,-43518
20,12.8,130,420,172938,-43518
20,12.8,130,419,173005,-43518
20,12.8,130,419,173032,-43518
20,12.8,130,418,173069,-43518
20,12.8,130,417,173112,-43519
20,12.8,130,418,173111,-43519
20,12.8,130,418,173151,-43519
20,12.8,130,417,173177,-43519
20,12.8,130,416,173191,-43519
20,12.8,130,417,173157,-43519
20,12.8,130,417,173162,-43519
20,12.8,130,417,173180,-43519
20,12.8,130,418,173186,-43519
20,12.8,130,417,173165,-43519
20,12.8,130,417,173186,-43519
20,12.8,130,417,173235,-43519
20,12.8,130,417,173223,-43519
20,12.8,130,417,173223,-43519
20,12.8,130,417,173198,-43519
20,12.8,130,417,173161,-43519
20,12.8,130,418,173175,-43519
20,12.8,130,418,173176,-43520
20,12.8,130,417,173216,-43520
20,12.8,130,418,173250,-43520
20,12.8,130,417,173200,-43520
20,12.8,130,417,173220,-43520
20,12.8,130,417,173251,-43520
20,12.8,130,417,173215,-43520
20,12.8,130,417,173185,-43520
20,12.8,130,417,173232,-43520
20,12.8,130,417,173279,-43520
20,12.8,130,417,173269,-43520
20,12.8,130,415,173250,-43520
20,12.8,130,415,173260,-43520
20,12.8,130,416,173250,-43520
20,12.8,130,417,173232,-43520
20,12.8,130,416,173240,-43520
20,12.8,130,416,173271,-43520
20,12.8,130,416,173272,-43520
20,12.8,130,417,173260,-43520
20,12.8,130,417,173289,-43520
20,12.8,130,417,173252,-43520
20,12.8,130,416,173171,-43520
20,12.8,130,416,173204,-43520
20,12.8,130,416,173251,-43520
20,12.8,130,415,173216,-43520
20,12.8,130,416,173242,-43520
20,12.8,130,416,173229,-43520
20,12.8,130,415,173240,-43520
20,12.8,130,416,173255,-43520
20,12.8,130,416,173225,-43520
20,12.8,130,416,173204,-43520
20,12.8,130,416,173254,-43520
21,12.8,135,442,162087,-43878
21,12.8,135,443,176848,-43878
21,12.8,135,441,180879,-43878
21,12.8,135,441,181362,-43878
21,12.8,135,440,181509,-43878
21,12.8,135,440,181573,-43878
21,12.8,135,439,181661,-43878
21,12.8,135,439,181749,-43878
21,12.8,135,439,181770,-43878
21,12.8,135,440,181810,-43878
21,12.8,135,438,181817,-43878
21,12.8,135,438,181829,-43878
21,12.8,135,438,181827,-43878
21,12.8,135,438,181853,-43878
21,12.8,135,438,181848,-43878
21,12.8,135,438,181887,-43878
21,12.8,135,437,181921,-43878
21,12.8,135,438,181928,-43878
21,12.8,135,438,181901,-43878
21,12.8,135,437,181902,-43878
21,12.8,135,437,181930,-43878
21,12.8,135,438,181952,-43878
21,12.8,135,438,181948,-43878
21,12.8,135,438,181946,-43878
21,12.8,135,436,181939,-43878
21,12.8,135,439,181974,-43878
21,12.8,135,438,181997,-43878
21,12.8,135,438,181945,-43878
21,12.8,135,438,181941,-43878
21,12.8,135,436,181964,-43878
21,12.8,135,436,181964,-43878
21,12.8,135,436,181952,-43878
21,12.8,135,436,181982,-43878
21,12.8,135,436,182035,-43878
21,12.8,135,437,182018,-43878
21,12.8,135,437,181991,-43878
21,12.8,135,437,181986,-43878
21,12.8,135,436,181971,-43878
21,12.8,135,436,181973,-43878
21,12.8,135,437,182012,-43878
21,12.8,135,436,182004,-43878
21,12.8,135,437,181994,-43878
21,12.8,135,436,181976,-43878
21,12.8,135,437,181967,-43878
21,12.8,135,437,181982,-43878
21,12.8,135,437,181980,-43878
21,12.8,135,437,181964,-43878
21,12.8,135,437,181990,-43878
21,12.8,135,437,182040,-43878
21,12.8,135,436,182039,-43878
21,12.8,135,437,182015,-43878
21,12.8,135,437,182002,-43878
21,12.8,135,437,181981,-43878
21,12.8,135,436,181986,-43878
21,12.8,135,437,182020,-43878
21,12.8,135,437,181994,-43878
21,12.8,135,436,182026,-43878
21,12.8,135,436,182017,-43878
22,12.8,140,450,168411,-44014
22,12.8,140,451,181097,-44015
22,12.8,140,449,183934,-44016
22,12.8,140,448,184311,-44016
22,12.8,140,449,184450,-44017
22,12.8,140,449,184559,-44018
22,12.8,140,448,184640,-44018
22,12.8,140,447,184733,-44019
22,12.8,140,447,184761,-44019
22,12.8,140,446,184753,-44019
22,12.8,140,444,184803,-44020
22,12.8,140,445,184826,-44020
22,12.8,140,446,184854,-44021
22,12.8,140,446,184855,-44021
22,12.8,140,446,184841,-44021
22,12.8,140,446,184884,-44022
22,12.8,140,446,184923,-44022
22,12.8,140,446,184913,-44023
22,12.8,140,445,184916,-44023
22,12.8,140,444,184935,-44024
22,12.8,140,445,184919,-44024
22,12.8,140,445,184958,-44025
22,12.8,140,445,184955,-44025
22,12.8,140,445,184951,-44026
22,12.8,140,446,184972,-44026
22,12.8,140,445,184947,-44026
22,12.8,140,446,184930,-44027
22,12.8,140,446,184992,-44027
22,12.8,140,446,185026,-44028
22,12.8,140,447,185026,-44028
22,12.8,140,447,185019,-44029
22,12.8,140,446,185000,-44029
22,12.8,140,447,184983,-44030
22,12.8,140,446,185020,-44030
22,12.8,140,446,185019,-44031
22,12.8,140,446,185044,-44031
22,12.8,140,446,185043,-44031
22,12.8,140,446,185012,-44032
22,12.8,140,445,185016,-44032
22,12.8,140,445,185048,-44032
22,12.8,140,445,185058,-44032
22,12.8,140,446,185047,-44032
22,12.8,140,445,185017,-44033
22,12.8,140,446,185050,-44033
22,12.8,140,446,185063,-44033
22,12.8,140,446,185071,-44034
22,12.8,140,446,185050,-44034
22,12.8,140,446,185065,-44035
22,12.8,140,446,185064,-44035
22,12.8,140,447,185033,-44035
22,12.8,140,446,185056,-44035
22,12.8,140,446,185038,-44036
22,12.8,140,447,185035,-44036
22,12.8,140,445,185115,-44036
22,12.8,140,446,185105,-44036
22,12.8,140,446,185073,-44037
22,12.8,140,447,185052,-44037
22,12.8,140,446,185057,-44037
23,12.8,145,462,170893,-44243
23,12.8,145,464,184972,-44244
23,12.8,145,462,188808,-44244
23,12.8,145,461,189345,-44244
23,12.8,145,461,189519,-44244
23,12.8,145,461,189640,-44244
23,12.8,145,461,189753,-44244
23,12.8,145,461,189820,-44244
23,12.8,145,461,189902,-44244
23,12.8,145,460,189903,-44244
23,12.8,145,460,189908,-44245
23,12.8,145,458,190001,-44245
23,12.8,145,460,190050,-44245
23,12.8,145,460,190051,-44245
23,12.8,145,460,190096,-44245
23,12.8,145,459,190127,-44245
23,12.8,145,460,190122,-44245
23,12.8,145,459,190107,-44245
23,12.8,145,459,190142,-44245
23,12.8,145,459,190155,-44245
23,12.8,145,459,190172,-44245
23,12.8,145,459,190152,-44245
23,12.8,145,460,190153,-44245
23,12.8,145,460,190196,-44245
23,12.8,145,458,190201,-44245
23,12.8,145,458,190189,-44245
23,12.8,145,458,190153,-44245
23,12.8,145,459,190187,-44245
23,12.8,145,458,190188,-44245
23,12.8,145,458,190224,-44245
23,12.8,145,458,190270,-44245
23,12.8,145,459,190250,-44246
23,12.8,145,458,190264,-44246
23,12.8,145,458,190249,-44246
23,12.8,145,457,190226,-44246
23,12.8,145,458,190221,-44246
23,12.8,145,458,190265,-44246
23,12.8,145,458,190312,-44246
23,12.8,145,458,190290,-44246
23,12.8,145,458,190263,-44246
23,12.8,145,457,190247,-44246
23,12.8,145,457,190254,-44246
23,12.8,145,457,190245,-44246
23,12.8,145,458,190279,-44246
23,12.8,145,458,190328,-44246
23,12.8,145,457,190297,-44246
23,12.8,145,457,190250,-44246
23,12.8,145,457,190242,-44246
23,12.8,145,457,190262,-44246
23,12.8,145,456,190291,-44246
23,12.8,145,459,190299,-44246
23,12.8,145,457,190307,-44246
23,12.8,145,457,190312,-44246
23,12.8,145,457,190310,-44246
23,12.8,145,458,190286,-44246
23,12.8,145,458,190296,-44246
23,12.8,145,458,190313,-44246
23,12.8,145,458,190291,-44246
24,12.8,150,487,175318,-44640
24,12.8,150,488,191322,-44641
24,12.8,150,486,197074,-44641
24,12.8,150,486,198022,-44641
24,12.8,150,485,198282,-44642
24,12.8,150,484,198418,-44642
24,12.8,150,482,198576,-44642
24,12.8,150,482,198689,-44642
24,12.8,150,483,198773,-44643
24,12.8,150,483,198809,-44643
24,12.8,150,483,198846,-44643
24,12.8,150,482,198887,-44643
24,12.8,150,482,198883,-44643
24,12.8,150,482,198928,-44643
24,12.8,150,482,198982,-44643
24,12.8,150,482,198998,-44643
24,12.8,150,482,199023,-44644
24,12.8,150,482,199022,-44644
24,12.8,150,482,199022,-44644
24,12.8,150,482,199047,-44644
24,12.8,150,481,199052,-44644
24,12.8,150,482,199060,-44644
24,12.8,150,481,199065,-44644
24,12.8,150,481,199072,-44644
24,12.8,150,481,199083,-44644
24,12.8,150,481,199088,-44644
24,12.8,150,481,199097,-44644
24,12.8,150,481,199114,-44644
24,12.8,150,479,199123,-44644
24,12.8,150,482,199148,-44644
24,12.8,150,481,199187,-44644
24,12.8,150,480,199193,-44644
24,12.8,150,481,199180,-44644
24,12.8,150,481,199197,-44645
24,12.8,150,481,199182,-44645
24,12.8,150,479,199186,-44645
24,12.8,150,479,199171,-44645
24,12.8,150,479,199196,-44645
24,12.8,150,479,199205,-44645
24,12.8,150,480,199192,-44645
24,12.8,150,480,199231,-44645
24,12.8,150,481,199220,-44645
24,12.8,150,480,199217,-44645
24,12.8,150,477,199189,-44645
24,12.8,150,481,199217,-44645
24,12.8,150,480,199206,-44645
24,12.8,150,480,199202,-44645
24,12.8,150,479,199236,-44645
24,12.8,150,479,199213,-44645
24,12.8,150,481,199199,-44645
24,12.8,150,481,199206,-44645
24,12.8,150,479,199220,-44645
24,12.8,150,480,199231,-44645
24,12.8,150,481,199235,-44645
24,12.8,150,481,199230,-44645
24,12.8,150,480,199224,-44645
24,12.8,150,479,199226,-44645
24,12.8,150,480,199256,-44645
25,12.8,155,508,184140,-45005
25,12.8,155,509,200103,-45005
25,12.8,155,508,205696,-45005
25,12.8,155,507,206626,-45005
25,12.8,155,505,206900,-45005
25,12.8,155,505,207018,-45006
25,12.8,155,504,207141,-45006
25,12.8,155,505,207250,-45006
25,12.8,155,504,207327,-45006
25,12.8,155,504,207390,-45006
25,12.8,155,504,207439,-45006
25,12.8,155,504,207467,-45006
25,12.8,155,503,207538,-45006
25,12.8,155,503,207544,-45006
25,12.8,155,503,207582,-45006
25,12.8,155,503,207597,-45006
25,12.8,155,503,207619,-45006
25,12.8,155,503,207606,-45006
25,12.8,155,502,207642,-45006
25,12.8,155,502,207658,-45006
25,12.8,155,502,207658,-45006
25,12.8,155,502,207650,-45006
25,12.8,155,502,207649,-45006
25,12.8,155,502,207699,-45006
25,12.8,155,501,207701,-45006
25,12.8,155,502,207723,-45006
25,12.8,155,501,207723,-45006
25,12.8,155,500,207752,-45006
25,12.8,155,502,207753,-45006
25,12.8,155,502,207769,-45006
25,12.8,155,501,207790,-45006
25,12.8,155,501,207797,-45006
25,12.8,155,501,207775,-45006
25,12.8,155,498,207787,-45006
25,12.8,155,500,207802,-45006
25,12.8,155,498,207790,-45006
25,12.8,155,500,207791,-45006
25,12.8,155,502,207789,-45006
25,12.8,155,501,207806,-45006
25,12.8,155,501,207808,-45006
25,12.8,155,501,207787,-45006
25,12.8,155,501,207828,-45006
25,12.8,155,501,207815,-45006
25,12.8,155,500,207822,-45006
25,12.8,155,500,207837,-45006
25,12.8,155,502,207841,-45006
25,12.8,155,501,207827,-45006
25,12.8,155,501,207816,-45006
25,12.8,155,500,207806,-45006
25,12.8,155,501,207786,-45006
25,12.8,155,500,207801,-45006
25,12.8,155,500,207815,-45006
25,12.8,155,500,207841,-45006
25,12.8,155,500,207827,-45006
25,12.8,155,500,207850,-45006
25,12.8,155,501,207835,-45006
25,12.8,155,503,207825,-45006
25,12.8,155,500,207862,-45006
26,12.8,160,516,189518,-45136
26,12.8,160,516,204433,-45136
26,12.8,160,514,208840,-45136
26,12.8,160,514,209487,-45136
26,12.8,160,514,209737,-45136
26,12.8,160,513,209926,-45136
26,12.8,160,512,210038,-45137
26,12.8,160,511,210117,-45137
26,12.8,160,510,210226,-45137
26,12.8,160,510,210293,-45137
26,12.8,160,511,210310,-45137
26,12.8,160,509,210353,-45137
26,12.8,160,511,210362,-45137
26,12.8,160,510,210331,-45137
26,12.8,160,510,210363,-45137
26,12.8,160,511,210403,-45137
26,12.8,160,509,210424,-45137
26,12.8,160,508,210447,-45137
26,12.8,160,508,210483,-45137
26,12.8,160,509,210516,-45137
26,12.8,160,509,210517,-45138
26,12.8,160,508,210544,-45138
26,12.8,160,510,210522,-45138
26,12.8,160,509,210521,-45138
26,12.8,160,509,210548,-45138
26,12.8,160,509,210576,-45138
26,12.8,160,508,210564,-45138
26,12.8,160,509,210601,-45138
26,12.8,160,509,210616,-45138
26,12.8,160,508,210598,-45138
26,12.8,160,508,210570,-45138
26,12.8,160,508,210567,-45138
26,12.8,160,508,210582,-45138
26,12.8,160,506,210610,-45138
26,12.8,160,508,210624,-45138
26,12.8,160,509,210594,-45138
26,12.8,160,508,210586,-45138
26,12.8,160,506,210561,-45138
26,12.8,160,508,210549,-45138
26,12.8,160,509,210625,-45138
26,12.8,160,508,210640,-45138
26,12.8,160,506,210659,-45138
26,12.8,160,508,210691,-45139
26,12.8,160,508,210672,-45139
26,12.8,160,507,210635,-45139
26,12.8,160,506,210630,-45139
26,12.8,160,507,210656,-45139
26,12.8,160,508,210678,-45139
26,12.8,160,504,210657,-45139
26,12.8,160,507,210670,-45139
26,12.8,160,507,210691,-45139
26,12.8,160,508,210700,-45139
26,12.8,160,506,210675,-45139
26,12.8,160,507,210647,-45139
26,12.8,160,507,210670,-45139
26,12.8,160,507,210714,-45139
26,12.8,160,508,210708,-45139
26,12.8,160,507,210706,-45139
27,12.8,165,528,189742,-45378
27,12.8,165,531,206640,-45378
27,12.8,165,529,213321,-45378
27,12.8,165,527,214428,-45378
27,12.8,165,526,214708,-45378
27,12.8,165,526,214889,-45378
27,12.8,165,526,215033,-45378
27,12.8,165,527,215152,-45378
27,12.8,165,524,215208,-45378
27,12.8,165,525,215246,-45378
27,12.8,165,525,215346,-45378
27,12.8,165,524,215364,-45378
27,12.8,165,524,215366,-45378
27,12.8,165,524,215415,-45378
27,12.8,165,524,215465,-45378
27,12.8,165,522,215483,-45378
27,12.8,165,522,215501,-45378
27,12.8,165,522,215534,-45378
27,12.8,165,523,215552,-45378
27,12.8,165,523,215569,-45378
27,12.8,165,523,215508,-45378
27,12.8,165,522,215541,-45378
27,12.8,165,522,215602,-45378
27,12.8,165,522,215573,-45378
27,12.8,165,522,215540,-45378
27,12.8,165,522,215562,-45378
27,12.8,165,522,215625,-45378
27,12.8,165,521,215655,-45378
27,12.8,165,520,215677,-45378
27,12.8,165,522,215593,-45378
27,12.8,165,522,215602,-45378
27,12.8,165,521,215661,-45378
27,12.8,165,522,215677,-45379
27,12.8,165,520,215632,-45379
27,12.8,165,522,215685,-45379
27,12.8,165,521,215696,-45379
27,12.8,165,521,215672,-45379
27,12.8,165,521,215700,-45379
27,12.8,165,520,215689,-45379
27,12.8,165,521,215679,-45379
27,12.8,165,521,215697,-45379
27,12.8,165,521,215712,-45379
27,12.8,165,520,215716,-45379
27,12.8,165,519,215742,-45379
27,12.8,165,520,215706,-45379
27,12.8,165,519,215681,-45379
27,12.8,165,520,215708,-45379
27,12.8,165,521,215752,-45379
27,12.8,165,521,215791,-45379
27,12.8,165,520,215747,-45379
27,12.8,165,521,215722,-45379
27,12.8,165,520,215741,-45379
27,12.8,165,520,215740,-45379
27,12.8,165,521,215687,-45379
27,12.8,165,520,215728,-45379
27,12.8,165,521,215772,-45379
27,12.8,165,519,215734,-45379
27,12.8,165,519,215710,-45379
28,12.8,170,545,194634,-45666
28,12.8,170,546,211900,-45666
28,12.8,170,544,219068,-45666
28,12.8,170,542,220299,-45666
28,12.8,170,542,220614,-45666
28,12.8,170,541,220729,-45667
28,12.8,170,540,220893,-45667
28,12.8,170,539,221034,-45667
28,12.8,170,539,221120,-45667
28,12.8,170,540,221177,-45667
28,12.8,170,540,221225,-45667
28,12.8,170,539,221278,-45667
28,12.8,170,539,221315,-45667
28,12.8,170,538,221336,-45667
28,12.8,170,538,221348,-45667
28,12.8,170,538,221404,-45667
28,12.8,170,538,221402,-45667
28,12.8,170,538,221394,-45667
28,12.8,170,537,221414,-45667
28,12.8,170,537,221431,-45667
28,12.8,170,536,221495,-45667
28,12.8,170,537,221528,-45667
28,12.8,170,537,221532,-45667
28,12.8,170,536,221520,-45667
28,12.8,170,536,221526,-45667
28,12.8,170,536,221569,-45667
28,12.8,170,537,221546,-45667
28,12.8,170,537,221599,-45667
28,12.8,170,536,221595,-45667
28,12.8,170,535,221579,-45667
28,12.8,170,537,221571,-45668
28,12.8,170,536,221573,-45668
28,12.8,170,536,221558,-45668
28,12.8,170,536,221569,-45668
28,12.8,170,536,221616,-45668
28,12.8,170,534,221610,-45668
28,12.8,170,535,221588,-45668
28,12.8,170,535,221638,-45668
28,12.8,170,536,221659,-45668
28,12.8,170,536,221616,-45668
28,12.8,170,535,221606,-45668
28,12.8,170,534,221596,-45668
28,12.8,170,536,221615,-45668
28,12.8,170,535,221632,-45668
28,12.8,170,535,221640,-45668
28,12.8,170,534,221704,-45668
28,12.8,170,535,221701,-45668
28,12.8,170,535,221710,-45668
28,12.8,170,535,221707,-45668
28,12.8,170,534,221712,-45668
28,12.8,170,534,221714,-45668
28,12.8,170,535,221714,-45668
28,12.8,170,535,221693,-45668
28,12.8,170,534,221657,-45668
28,12.8,170,535,221672,-45668
28,12.8,170,535,221755,-45668
28,12.8,170,536,221754,-45668
28,12.8,170,534,221700,-45668
29,12.8,175,558,200145,-45924
29,12.8,175,561,217233,-45924
29,12.8,175,557,224349,-45924
29,12.8,175,555,225561,-45924
29,12.8,175,555,225910,-45924
29,12.8,175,555,226086,-45925
29,12.8,175,555,226212,-45925
29,12.8,175,554,226374,-45925
29,12.8,175,552,226440,-45925
29,12.8,175,554,226495,-45925
29,12.8,175,552,226581,-45925
29,12.8,175,552,226632,-45925
29,12.8,175,551,226690,-45925
29,12.8,175,551,226698,-45925
29,12.8,175,552,226742,-45925
29,12.8,175,551,226767,-45925
29,12.8,175,552,226782,-45925
29,12.8,175,551,226827,-45925
29,12.8,175,551,226849,-45925
29,12.8,175,549,226857,-45925
29,12.8,175,551,226819,-45925
29,12.8,175,550,226851,-45925
29,12.8,175,550,226867,-45925
29,12.8,175,550,226901,-45925
29,12.8,175,550,226920,-45925
29,12.8,175,549,226945,-45925
29,12.8,175,549,226944,-45925
29,12.8,175,549,226938,-45925
29,12.8,175,549,226912,-45925
29,12.8,175,550,226940,-45925
29,12.8,175,549,226986,-45925
29,12.8,175,549,226993,-45925
29,12.8,175,549,227008,-45925
29,12.8,175,548,227009,-45925
29,12.8,175,549,226987,-45925
29,12.8,175,549,226975,-45925
29,12.8,175,549,227000,-45925
29,12.8,175,549,227035,-45926
29,12.8,175,549,227022,-45926
29,12.8,175,548,227050,-45926
29,12.8,175,549,227091,-45926
29,12.8,175,549,227065,-45926
29,12.8,175,548,227045,-45926
29,12.8,175,548,227031,-45926
29,12.8,175,548,227049,-45926
29,12.8,175,547,227057,-45926
29,12.8,175,549,227115,-45926
29,12.8,175,549,227127,-45926
29,12.8,175,548,227068,-45926
29,12.8,175,546,227073,-45926
29,12.8,175,548,227107,-45926
29,12.8,175,548,227060,-45926
29,12.8,175,549,227040,-45926
29,12.8,175,547,227062,-45926
29,12.8,175,547,227081,-45926
29,12.8,175,548,227072,-45926
29,12.8,175,549,227067,-45926
29,12.8,175,548,227088,-45926
30,12.8,180,578,207067,-46297
30,12.8,180,579,224398,-46298
30,12.8,180,577,231913,-46298
30,12.8,180,578,233237,-46298
30,12.8,180,574,233643,-46298
30,12.8,180,572,233855,-46298
30,12.8,180,572,234019,-46299
30,12.8,180,572,234105,-46299
30,12.8,180,571,234206,-46299
30,12.8,180,569,234290,-46299
30,12.8,180,571,234333,-46299
30,12.8,180,570,234390,-46300
30,12.8,180,568,234446,-46300
30,12.8,180,569,234487,-46300
30,12.8,180,569,234499,-46300
30,12.8,180,569,234491,-46300
30,12.8,180,569,234522,-46300
30,12.8,180,568,234565,-46300
30,12.8,180,569,234559,-46301
30,12.8,180,569,234606,-46301
30,12.8,180,568,234597,-46301
30,12.8,180,567,234622,-46301
30,12.8,180,568,234635,-46301
30,12.8,180,569,234648,-46301
30,12.8,180,567,234660,-46301
30,12.8,180,567,234654,-46301
30,12.8,180,568,234679,-46301
30,12.8,180,567,234711,-46301
30,12.8,180,567,234698,-46301
30,12.8,180,568,234713,-46302
30,12.8,180,566,234743,-46302
30,12.8,180,567,234743,-46302
30,12.8,180,567,234760,-46302
30,12.8,180,566,234765,-46302
30,12.8,180,567,234762,-46302
30,12.8,180,566,234787,-46302
30,12.8,180,566,234794,-46302
30,12.8,180,566,234775,-46302
30,12.8,180,566,234763,-46302
30,12.8,180,565,234722,-46302
30,12.8,180,566,234741,-46302
30,12.8,180,566,234799,-46302
30,12.8,180,563,234844,-46302
30,12.8,180,566,234823,-46302
30,12.8,180,567,234768,-46302
30,12.8,180,566,234772,-46303
30,12.8,180,565,234845,-46303
30,12.8,180,564,234889,-46303
30,12.8,180,566,234880,-46303
30,12.8,180,566,234822,-46303
30,12.8,180,565,234821,-46303
30,12.8,180,565,234872,-46303
30,12.8,180,563,234833,-46303
30,12.8,180,565,234831,-46303
30,12.8,180,565,234845,-46303
30,12.8,180,566,234822,-46303
30,12.8,180,565,234847,-46303
30,12.8,180,563,234885,-46303
31,12.8,185,588,210184,-46520
31,12.8,185,589,227221,-46520
31,12.8,185,586,235148,-46521
31,12.8,185,584,236739,-46521
31,12.8,185,583,237184,-46521
31,12.8,185,581,237421,-46521
31,12.8,185,581,237590,-46521
31,12.8,185,580,237699,-46522
31,12.8,185,580,237788,-46522
31,12.8,185,578,237893,-46522
31,12.8,185,579,237982,-46522
31,12.8,185,579,238024,-46522
31,12.8,185,579,238041,-46522
31,12.8,185,578,238077,-46522
31,12.8,185,578,238116,-46523
31,12.8,185,577,238167,-46523
31,12.8,185,578,238175,-46523
31,12.8,185,577,238191,-46523
31,12.8,185,578,238249,-46523
31,12.8,185,576,238286,-46523
31,12.8,185,577,238274,-46523
31,12.8,185,577,238281,-46523
31,12.8,185,576,238346,-46523
31,12.8,185,576,238367,-46523
31,12.8,185,575,238345,-46523
31,12.8,185,576,238355,-46523
31,12.8,185,577,238351,-46524
31,12.8,185,576,238312,-46524
31,12.8,185,576,238367,-46524
31,12.8,185,576,238428,-46524
31,12.8,185,576,238392,-46524
31,12.8,185,576,238410,-46524
31,12.8,185,576,238413,-46524
31,12.8,185,575,238437,-46524
31,12.8,185,574,238454,-46524
31,12.8,185,573,238442,-46524
31,12.8,185,575,238425,-46524
31,12.8,185,575,238386,-46524
31,12.8,185,574,238402,-46524
31,12.8,185,573,238425,-46524
31,12.8,185,574,238430,-46524
31,12.8,185,574,238450,-46524
31,12.8,185,575,238433,-46524
31,12.8,185,571,238465,-46525
31,12.8,185,574,238458,-46525
31,12.8,185,574,238494,-46525
31,12.8,185,573,238519,-46525
31,12.8,185,574,238521,-46525
31,12.8,185,576,238502,-46525
31,12.8,185,573,238496,-46525
31,12.8,185,574,238477,-46525
31,12.8,185,574,238511,-46525
31,12.8,185,573,238501,-46525
31,12.8,185,574,238495,-46525
31,12.8,185,573,238484,-46525
31,12.8,185,573,238505,-46525
31,12.8,185,572,238511,-46525
31,12.8,185,574,238493,-46525
32,12.8,190,606,213862,-46884
32,12.8,190,606,231380,-46885
32,12.8,190,604,241034,-46886
32,12.8,190,602,243281,-46887
32,12.8,190,600,243788,-46887
32,12.8,190,598,244113,-46888
32,12.8,190,599,244356,-46889
32,12.8,190,598,244431,-46889
32,12.8,190,597,244549,-46889
32,12.8,190,596,244642,-46890
32,12.8,190,597,244673,-46890
32,12.8,190,596,244753,-46891
32,12.8,190,595,244759,-46891
32,12.8,190,594,244807,-46891
32,12.8,190,595,244846,-46892
32,12.8,190,595,244893,-46892
32,12.8,190,594,244930,-46892
32,12.8,190,594,244928,-46892
32,12.8,190,595,244956,-46892
32,12.8,190,594,244984,-46893
32,12.8,190,594,244937,-46893
32,12.8,190,594,244934,-46893
32,12.8,190,594,245000,-46893
32,12.8,190,594,245067,-46894
32,12.8,190,594,245083,-46894
32,12.8,190,594,245043,-46894
32,12.8,190,593,245012,-46894
32,12.8,190,593,245045,-46894
32,12.8,190,594,245081,-46894
32,12.8,190,594,245094,-46895
32,12.8,190,590,245059,-46895
32,12.8,190,593,245072,-46895
32,12.8,190,593,245084,-46895
32,12.8,190,593,245061,-46895
32,12.8,190,592,245055,-46895
32,12.8,190,591,245108,-46895
32,12.8,190,593,245097,-46896
32,12.8,190,590,245085,-46896
32,12.8,190,592,245087,-46896
32,12.8,190,592,245094,-46896
32,12.8,190,592,245118,-46896
32,12.8,190,592,245092,-46896
32,12.8,190,592,245127,-46897
32,12.8,190,592,245154,-46897
32,12.8,190,592,245125,-46897
32,12.8,190,591,245144,-46897
32,12.8,190,592,245128,-46897
32,12.8,190,592,245137,-46897
32,12.8,190,591,245142,-46897
32,12.8,190,588,245182,-46897
32,12.8,190,588,245179,-46897
32,12.8,190,590,245179,-46898
32,12.8,190,591,245153,-46898
32,12.8,190,591,245149,-46898
32,12.8,190,591,245193,-46898
32,12.8,190,590,245228,-46898
32,12.8,190,592,245229,-46898
32,12.8,190,592,245178,-46898
33,12.8,195,617,219593,-47147
33,12.8,195,618,236313,-47147
33,12.8,195,615,245518,-47148
33,12.8,195,612,247769,-47149
33,12.8,195,612,248365,-47149
33,12.8,195,610,248705,-47150
33,12.8,195,608,248918,-47151
33,12.8,195,609,249043,-47151
33,12.8,195,609,249154,-47152
33,12.8,195,606,249254,-47152
33,12.8,195,606,249314,-47153
33,12.8,195,607,249321,-47153
33,12.8,195,607,249381,-47154
33,12.8,195,606,249413,-47154
33,12.8,195,605,249454,-47155
33,12.8,195,606,249499,-47155
33,12.8,195,605,249528,-47156
33,12.8,195,605,249514,-47156
33,12.8,195,605,249539,-47156
33,12.8,195,604,249590,-47157
33,12.8,195,604,249571,-47157
33,12.8,195,604,249603,-47157
33,12.8,195,604,249581,-47158
33,12.8,195,604,249603,-47158
33,12.8,195,603,249613,-47158
33,12.8,195,604,249619,-47159
33,12.8,195,604,249614,-47159
33,12.8,195,603,249618,-47159
33,12.8,195,604,249623,-47159
33,12.8,195,604,249654,-47160
33,12.8,195,604,249718,-47160
33,12.8,195,603,249677,-47160
33,12.8,195,603,249687,-47161
33,12.8,195,603,249728,-47161
33,12.8,195,603,249746,-47161
33,12.8,195,603,249715,-47161
33,12.8,195,602,249689,-47162
33,12.8,195,603,249742,-47162
33,12.8,195,603,249763,-47162
33,12.8,195,601,249753,-47163
33,12.8,195,603,249783,-47163
33,12.8,195,603,249780,-47163
33,12.8,195,601,249728,-47163
33,12.8,195,603,249760,-47164
33,12.8,195,602,249768,-47164
33,12.8,195,601,249747,-47164
33,12.8,195,602,249752,-47165
33,12.8,195,602,249783,-47165
33,12.8,195,602,249770,-47165
33,12.8,195,602,249779,-47165
33,12.8,195,602,249852,-47166
33,12.8,195,602,249828,-47166
33,12.8,195,598,249797,-47166
33,12.8,195,601,249789,-47167
33,12.8,195,600,249742,-47167
33,12.8,195,602,249736,-47167
33,12.8,195,602,249762,-47168
33,12.8,195,602,249733,-47168
34,12.8,200,637,225208,-47557
34,12.8,200,637,241705,-47557
34,12.8,200,634,251814,-47558
34,12.8,200,631,254581,-47558
34,12.8,200,630,255146,-47558
34,12.8,200,629,255392,-47558
34,12.8,200,628,255589,-47558
34,12.8,200,627,255708,-47558
34,12.8,200,627,255797,-47559
34,12.8,200,628,255843,-47559
34,12.8,200,626,255874,-47559
34,12.8,200,625,255924,-47559
34,12.8,200,626,255980,-47559
34,12.8,200,626,255969,-47559
34,12.8,200,626,256002,-47559
34,12.8,200,624,256026,-47559
34,12.8,200,623,256043,-47559
34,12.8,200,625,256076,-47559
34,12.8,200,624,256082,-47560
34,12.8,200,625,256097,-47560
34,12.8,200,623,256133,-47560
34,12.8,200,623,256150,-47560
34,12.8,200,622,256149,-47560
34,12.8,200,623,256136,-47560
34,12.8,200,624,256126,-47560
34,12.8,200,623,256124,-47560
34,12.8,200,623,256166,-47560
34,12.8,200,622,256184,-47560
34,12.8,200,623,256178,-47560
34,12.8,200,623,256164,-47560
34,12.8,200,623,256201,-47560
34,12.8,200,621,256226,-47560
34,12.8,200,622,256203,-47560
34,12.8,200,623,256187,-47560
34,12.8,200,622,256226,-47560
34,12.8,200,622,256228,-47560
34,12.8,200,622,256207,-47561
34,12.8,200,622,256187,-47561
34,12.8,200,622,256220,-47561
34,12.8,200,621,256207,-47561
34,12.8,200,622,256204,-47561
34,12.8,200,622,256211,-47561
34,12.8,200,622,256180,-47561
34,12.8,200,621,256175,-47561
34,12.8,200,622,256201,-47561
34,12.8,200,622,256221,-47561
34,12.8,200,622,256214,-47561
34,12.8,200,622,256218,-47561
34,12.8,200,621,256205,-47561
34,12.8,200,621,256206,-47561
34,12.8,200,621,256240,-47561
34,12.8,200,622,256244,-47561
34,12.8,200,621,256229,-47561
34,12.8,200,621,256176,-47561
34,12.8,200,621,256180,-47561
34,12.8,200,621,256236,-47561
34,12.8,200,623,256216,-47561
34,12.8,200,621,256176,-47561
35,12.8,205,641,231472,-47704
35,12.8,205,641,246881,-47704
35,12.8,205,639,254986,-47704
35,12.8,205,636,256786,-47704
35,12.8,205,638,257233,-47704
35,12.8,205,634,257493,-47704
35,12.8,205,634,257654,-47704
35,12.8,205,633,257719,-47704
35,12.8,205,633,257816,-47705
35,12.8,205,633,257871,-47705
35,12.8,205,631,257925,-47705
35,12.8,205,630,257946,-47705
35,12.8,205,632,257967,-47705
35,12.8,205,632,258014,-47705
35,12.8,205,632,258072,-47705
35,12.8,205,631,258101,-47705
35,12.8,205,631,258097,-47705
35,12.8,205,631,258101,-47705
35,12.8,205,630,258121,-47705
35,12.8,205,630,258172,-47705
35,12.8,205,630,258188,-47705
35,12.8,205,629,258165,-47705
35,12.8,205,630,258172,-47705
35,12.8,205,628,258173,-47705
35,12.8,205,630,258170,-47705
35,12.8,205,629,258190,-47705
35,12.8,205,629,258234,-47706
35,12.8,205,628,258224,-47706
35,12.8,205,630,258216,-47706
35,12.8,205,629,258193,-47706
35,12.8,205,629,258221,-47706
35,12.8,205,629,258209,-47706
35,12.8,205,628,258205,-47706
35,12.8,205,628,258274,-47706
35,12.8,205,628,258278,-47706
35,12.8,205,628,258241,-47706
35,12.8,205,629,258259,-47706
35,12.8,205,628,258261,-47706
35,12.8,205,629,258282,-47706
35,12.8,205,628,258263,-47706
35,12.8,205,628,258266,-47706
35,12.8,205,628,258262,-47706
35,12.8,205,627,258268,-47706
35,12.8,205,628,258267,-47706
35,12.8,205,628,258290,-47706
35,12.8,205,627,258333,-47706
35,12.8,205,628,258301,-47706
35,12.8,205,628,258259,-47706
35,12.8,205,628,258290,-47706
35,12.8,205,628,258291,-47706
35,12.8,205,627,258281,-47706
35,12.8,205,627,258295,-47706
35,12.8,205,626,258294,-47706
35,12.8,205,628,258296,-47706
35,12.8,205,625,258283,-47706
35,12.8,205,628,258292,-47706
35,12.8,205,626,258268,-47706
35,12.8,205,628,258259,-47706
36,12.8,210,657,233377,-47989
36,12.8,210,658,249051,-47989
36,12.8,210,653,258642,-47990
36,12.8,210,653,261367,-47990
36,12.8,210,652,262022,-47990
36,12.8,210,651,262371,-47990
36,12.8,210,651,262549,-47990
36,12.8,210,649,262621,-47990
36,12.8,210,650,262722,-47990
36,12.8,210,649,262788,-47990
36,12.8,210,649,262860,-47991
36,12.8,210,648,262927,-47991
36,12.8,210,648,262965,-47991
36,12.8,210,648,262983,-47991
36,12.8,210,647,262987,-47991
36,12.8,210,647,263022,-47991
36,12.8,210,646,263072,-47991
36,12.8,210,647,263110,-47991
36,12.8,210,647,263088,-47991
36,12.8,210,646,263093,-47991
36,12.8,210,647,263146,-47991
36,12.8,210,646,263139,-47991
36,12.8,210,647,263130,-47991
36,12.8,210,644,263169,-47991
36,12.8,210,647,263178,-47991
36,12.8,210,646,263186,-47991
36,12.8,210,646,263194,-47991
36,12.8,210,646,263198,-47991
36,12.8,210,646,263208,-47991
36,12.8,210,645,263206,-47991
36,12.8,210,646,263178,-47992
36,12.8,210,645,263176,-47992
36,12.8,210,645,263225,-47992
36,12.8,210,644,263244,-47992
36,12.8,210,646,263233,-47992
36,12.8,210,643,263280,-47992
36,12.8,210,645,263249,-47992
36,12.8,210,645,263213,-47992
36,12.8,210,645,263244,-47992
36,12.8,210,645,263246,-47992
36,12.8,210,643,263249,-47992
36,12.8,210,645,263250,-47992
36,12.8,210,645,263269,-47992
36,12.8,210,644,263293,-47992
36,12.8,210,645,263302,-47992
36,12.8,210,644,263278,-47992
36,12.8,210,645,263287,-47992
36,12.8,210,644,263320,-47992
36,12.8,210,645,263290,-47992
36,12.8,210,644,263284,-47992
36,12.8,210,644,263298,-47992
36,12.8,210,643,263312,-47992
36,12.8,210,644,263334,-47992
36,12.8,210,644,263313,-47992
36,12.8,210,643,263255,-47992
36,12.8,210,644,263266,-47992
36,12.8,210,642,263329,-47992
36,12.8,210,641,263340,-47992
37,12.8,215,678,237422,-48327
37,12.8,215,679,253139,-48328
37,12.8,215,674,263933,-48329
37,12.8,215,672,267415,-48330
37,12.8,215,673,268221,-48331
37,12.8,215,671,268587,-48331
37,12.8,215,670,268802,-48332
37,12.8,215,669,268913,-48333
37,12.8,215,670,269061,-48333
37,12.8,215,666,269194,-48334
37,12.8,215,669,269244,-48335
37,12.8,215,667,269317,-48335
37,12.8,215,668,269343,-48336
37,12.8,215,668,269362,-48337
37,12.8,215,667,269412,-48337
37,12.8,215,668,269449,-48338
37,12.8,215,666,269490,-48338
37,12.8,215,668,269555,-48339
37,12.8,215,667,269545,-48340
37,12.8,215,667,269536,-48340
37,12.8,215,666,269547,-48340
37,12.8,215,666,269572,-48341
37,12.8,215,665,269545,-48341
37,12.8,215,666,269613,-48342
37,12.8,215,667,269634,-48342
37,12.8,215,666,269633,-48343
37,12.8,215,666,269694,-48343
37,12.8,215,667,269719,-48344
37,12.8,215,666,269680,-48344
37,12.8,215,664,269696,-48345
37,12.8,215,666,269728,-48345
37,12.8,215,665,269718,-48346
37,12.8,215,667,269698,-48346
37,12.8,215,666,269751,-48347
37,12.8,215,665,269778,-48347
37,12.8,215,666,269789,-48348
37,12.8,215,665,269783,-48348
37,12.8,215,666,269758,-48349
37,12.8,215,666,269770,-48350
37,12.8,215,665,269818,-48350
37,12.8,215,666,269787,-48351
37,12.8,215,665,269782,-48351
37,12.8,215,664,269805,-48352
37,12.8,215,665,269787,-48352
37,12.8,215,665,269794,-48353
37,12.8,215,665,269798,-48353
37,12.8,215,664,269783,-48353
37,12.8,215,665,269791,-48354
37,12.8,215,666,269824,-48354
37,12.8,215,664,269829,-48355
37,12.8,215,665,269831,-48355
37,12.8,215,665,269840,-48356
37,12.8,215,665,269873,-48357
37,12.8,215,666,269877,-48357
37,12.8,215,666,269843,-48358
37,12.8,215,665,269835,-48358
37,12.8,215,664,269842,-48359
37,12.8,215,666,269813,-48360
38,12.8,220,699,244552,-48692
38,12.8,220,700,259582,-48692
38,12.8,220,695,269875,-48693
38,12.8,220,694,273257,-48694
38,12.8,220,693,274063,-48694
38,12.8,220,691,274412,-48694
38,12.8,220,691,274619,-48695
38,12.8,220,689,274755,-48695
38,12.8,220,689,274871,-48696
38,12.8,220,688,274981,-48696
38,12.8,220,690,275083,-48696
38,12.8,220,686,275160,-48696
38,12.8,220,688,275200,-48697
38,12.8,220,686,275265,-48697
38,12.8,220,686,275326,-48697
38,12.8,220,689,275349,-48697
38,12.8,220,686,275387,-48697
38,12.8,220,686,275410,-48697
38,12.8,220,686,275431,-48697
38,12.8,220,686,275418,-48698
38,12.8,220,686,275464,-48698
38,12.8,220,687,275501,-48698
38,12.8,220,686,275507,-48698
38,12.8,220,685,275548,-48698
38,12.8,220,685,275577,-48698
38,12.8,220,685,275575,-48698
38,12.8,220,685,275594,-48698
38,12.8,220,685,275598,-48698
38,12.8,220,683,275588,-48698
38,12.8,220,684,275638,-48698
38,12.8,220,685,275618,-48698
38,12.8,220,684,275616,-48699
38,12.8,220,684,275678,-48699
38,12.8,220,684,275655,-48699
38,12.8,220,684,275671,-48699
38,12.8,220,684,275697,-48699
38,12.8,220,684,275682,-48699
38,12.8,220,683,275674,-48699
38,12.8,220,684,275680,-48699
38,12.8,220,684,275670,-48699
38,12.8,220,683,275653,-48699
38,12.8,220,684,275652,-48699
38,12.8,220,684,275678,-48699
38,12.8,220,683,275669,-48700
38,12.8,220,683,275688,-48700
38,12.8,220,684,275734,-48700
38,12.8,220,683,275695,-48700
38,12.8,220,683,275710,-48700
38,12.8,220,683,275728,-48700
38,12.8,220,683,275727,-48700
38,12.8,220,682,275721,-48700
38,12.8,220,683,275694,-48700
38,12.8,220,682,275714,-48700
38,12.8,220,683,275783,-48700
38,12.8,220,683,275815,-48700
38,12.8,220,682,275785,-48700
38,12.8,220,683,275744,-48700
38,12.8,220,682,275718,-48700
39,12.8,225,704,246875,-48840
39,12.8,225,705,262066,-48840
39,12.8,225,701,272417,-48841
39,12.8,225,698,275324,-48841
39,12.8,225,698,275959,-48841
39,12.8,225,697,276254,-48841
39,12.8,225,696,276467,-48841
39,12.8,225,694,276590,-48841
39,12.8,225,694,276704,-48841
39,12.8,225,694,276796,-48841
39,12.8,225,693,276894,-48841
39,12.8,225,693,276987,-48841
39,12.8,225,693,277012,-48841
39,12.8,225,692,277026,-48841
39,12.8,225,691,277115,-48842
39,12.8,225,692,277160,-48842
39,12.8,225,692,277195,-48842
39,12.8,225,691,277188,-48842
39,12.8,225,691,277215,-48842
39,12.8,225,692,277260,-48842
39,12.8,225,691,277266,-48842
39,12.8,225,690,277275,-48842
39,12.8,225,691,277329,-48842
39,12.8,225,690,277336,-48842
39,12.8,225,690,277356,-48842
39,12.8,225,690,277351,-48842
39,12.8,225,690,277355,-48842
39,12.8,225,690,277404,-48842
39,12.8,225,690,277415,-48842
39,12.8,225,689,277411,-48842
39,12.8,225,690,277404,-48842
39,12.8,225,690,277405,-48842
39,12.8,225,688,277418,-48842
39,12.8,225,689,277454,-48842
39,12.8,225,689,277441,-48842
39,12.8,225,687,277426,-48842
39,12.8,225,689,277432,-48842
39,12.8,225,689,277488,-48842
39,12.8,225,688,277498,-48842
39,12.8,225,687,277495,-48842
39,12.8,225,690,277522,-48842
39,12.8,225,688,277513,-48842
39,12.8,225,687,277516,-48842
39,12.8,225,688,277539,-48843
39,12.8,225,689,277497,-48843
39,12.8,225,688,277484,-48843
39,12.8,225,688,277526,-48843
39,12.8,225,688,277517,-48843
39,12.8,225,687,277490,-48843
39,12.8,225,688,277497,-48843
39,12.8,225,689,277523,-48843
39,12.8,225,688,277527,-48843
39,12.8,225,688,277539,-48843
39,12.8,225,689,277555,-48843
39,12.8,225,686,277562,-48843
39,12.8,225,688,277553,-48843
39,12.8,225,688,277563,-48843
39,12.8,225,688,277565,-48843
